model_name,res_w,res_h,bbox_mAP,avg_latency_ms,avg_cpu_energy_J,avg_gpu_energy_J,peak_gpu_mem_MB,peak_cpu_mem_MB,params_M,datastore_bytes,avg_gpu_mem_alloc_MB,avg_gpu_mem_reserved_MB,peak_gpu_mem_reserved_MB,cuda_cache_peak_MB
bdd10k_ft_atss_r50,320,180,0.124082111,29.81031492,16.36331483,3.618380811,145.2866211,5401.488281,32.136277,3350609328,125.841123,260,260,114.7133789
bdd10k_ft_atss_r50,512,288,0.209082858,24.7110481,16.28305569,3.035653585,159.4941406,5656,32.136277,3350609328,125.847251,286,286,126.5058594
bdd10k_ft_atss_r50,640,360,0.252411589,24.5313907,16.72505669,3.061576185,177.4160156,5704,32.136277,3350609328,125.8494287,286,286,108.5839844
bdd10k_ft_atss_r50,960,540,0.354327486,29.59346686,16.78568965,3.855814962,235.7949219,5779,32.136277,3350609328,125.8510742,416,416,180.2050781
bdd10k_ft_atss_r50,1280,720,0.407044046,39.16715593,19.24709358,5.280919539,325.0053711,6028,32.136277,3350609328,125.8519922,650,650,324.9946289
bdd10k_ft_cascade_rcnn_r50,320,180,0.128209884,27.78621007,21.90902635,3.633437416,418.609375,10025,69.305591,11904437452,268.1217725,9190,9190,8771.390625
bdd10k_ft_cascade_rcnn_r50,512,288,0.197409969,28.05244606,21.72501645,3.622456974,426.3916016,10025,69.305591,11904437452,268.1220361,9190,9190,8763.608398
bdd10k_ft_cascade_rcnn_r50,640,360,0.240822776,29.06435527,21.61158845,3.742282602,435.1245117,10025,69.305591,11904437452,268.1220215,9190,9190,8754.875488
bdd10k_ft_cascade_rcnn_r50,960,540,0.314285666,34.61111588,22.39758029,4.524032689,460.7241211,10025,69.305591,11904437452,268.1222656,9190,9190,8729.275879
bdd10k_ft_cascade_rcnn_r50,1280,720,0.32579416,43.14248196,23.49680795,5.798816426,580.3344727,10025,69.305591,11904437452,268.1223486,9190,9190,8609.665527
bdd10k_ft_ddq_detr4scale_r50,320,180,0.084979114,44.05516471,23.45771909,5.514098699,320.6699219,8937,48.344082,8919086701,219.0934521,3286,3286,2965.330078
bdd10k_ft_ddq_detr4scale_r50,512,288,0.252055349,44.5816304,23.46836451,5.6426747,360.7397461,8937,48.344082,8919086701,250.9662207,3286,3286,2925.260254
bdd10k_ft_ddq_detr4scale_r50,640,360,0.323254706,49.07216633,24.2949904,6.273609745,367.2358398,8937,48.344082,8919086701,229.343291,3286,3286,2918.76416
bdd10k_ft_ddq_detr4scale_r50,960,540,0.382121783,59.94382594,25.82142388,8.061098673,406.3066406,8937,48.344082,8919086701,250.4662207,3286,3286,2879.693359
bdd10k_ft_ddq_detr4scale_r50,1280,720,0.402986088,78.85444962,27.98221488,11.25247083,492.1635742,8937,48.344082,8919086701,219.0858496,3286,3286,2793.836426
bdd10k_ft_deformable_detr_r50,320,180,0.000209803,30.22737314,18.00346707,3.840712838,177.3935547,6028,40.101201,13274043614,153.7187158,732,732,554.6064453
bdd10k_ft_deformable_detr_r50,512,288,0.131085776,30.77253134,17.76776037,3.981805525,187.3325195,6028,40.101201,13274043614,153.7187158,732,732,544.6674805
bdd10k_ft_deformable_detr_r50,640,360,0.2210578,31.78344668,18.20966024,4.195576196,207.0913086,6028,40.101201,13274043614,153.7187158,732,732,524.9086914
bdd10k_ft_deformable_detr_r50,960,540,0.312771228,40.9731802,19.58206,5.628184784,271.4746094,6158,40.101201,13274043614,153.7187158,732,732,460.5253906
bdd10k_ft_deformable_detr_r50,1280,720,0.317500435,53.35039299,21.1700972,7.67779048,361.3139648,6194,40.101201,13274043614,153.7187158,808,808,446.6860352
bdd10k_ft_deformable_detr_refine_r50,320,180,0.0778168,30.68332691,22.32387455,3.670805962,180.9814453,10025,40.778396,3807433880,157.3066064,9196,9196,9015.018555
bdd10k_ft_deformable_detr_refine_r50,512,288,0.226447789,31.55718336,22.35575461,3.808003664,192.1176758,10025,40.778396,3807433880,157.3066064,9196,9196,9003.882324
bdd10k_ft_deformable_detr_refine_r50,640,360,0.263137637,33.01992931,22.46767674,4.031821436,210.3608398,10025,40.778396,3807433880,157.3066064,9196,9196,8985.63916
bdd10k_ft_deformable_detr_refine_r50,960,540,0.322677955,41.41129116,23.62429173,5.309041321,274.8945313,10025,40.778396,3807433880,157.3066064,9196,9196,8921.105469
bdd10k_ft_deformable_detr_refine_r50,1280,720,0.355707446,52.74179442,24.7388624,7.210714497,364.9018555,10025,40.778396,3807433880,157.3066064,9196,9196,8831.098145
bdd10k_ft_diffusiondet_r50,320,180,0.202834978,61.95781903,25.11436499,7.870881096,600.5439453,8937,110.620058,5033041237,440.4750195,3286,3286,2685.456055
bdd10k_ft_diffusiondet_r50,512,288,0.291952178,61.6525461,25.0395424,7.792582524,574.6347656,8937,110.620058,5033041237,424.8321143,3286,3286,2711.365234
bdd10k_ft_diffusiondet_r50,640,360,0.329050403,62.83607835,25.32626304,8.014122055,583.6660156,8937,110.620058,5033041237,424.8322705,3286,3286,2702.333984
bdd10k_ft_diffusiondet_r50,960,540,0.371553103,68.79453274,26.00775089,8.904244251,609.2421875,8937,110.620058,5033041237,424.8321338,3286,3286,2676.757813
bdd10k_ft_diffusiondet_r50,1280,720,0.354305757,70.32382114,26.02359148,9.347111007,738.6040039,8937,110.620058,5033041237,424.8320361,3286,3286,2547.395996
bdd10k_ft_dino_swin_l,320,180,0.104833846,56.30468282,26.28056092,7.585789432,923.4204102,8806,218.190749,16813998159,839.9237402,1792,1792,868.5795898
bdd10k_ft_dino_swin_l,512,288,0.284510192,65.19461672,26.09262215,9.375424386,1010.400879,8867,218.190749,16813998159,839.6737402,1888,1888,877.5991211
bdd10k_ft_dino_swin_l,640,360,0.339748907,82.85273867,28.24327144,12.59192199,1105.810059,8885,218.190749,16813998159,839.6737402,2040,2040,934.1899414
bdd10k_ft_dino_swin_l,960,540,0.374318926,143.7607243,36.16702924,29.12681637,1439.922363,8906,218.190749,16813998159,839.6737402,2492,2492,1052.077637
bdd10k_ft_dino_swin_l,1280,720,0.402324817,228.6969903,46.25238637,54.69860204,1903.360352,8937,218.190749,16813998159,839.6737402,3286,3286,1382.639648
bdd10k_ft_dynamic_rcnn_r50,320,180,0.061244396,21.8234668,20.6304475,2.791902182,262.9750977,8937,41.399431,4080672155,160.6673047,3286,3286,3023.024902
bdd10k_ft_dynamic_rcnn_r50,512,288,0.167218381,22.41093391,21.04805876,2.835286855,270.2412109,8937,41.399431,4080672155,160.666875,3286,3286,3015.758789
bdd10k_ft_dynamic_rcnn_r50,640,360,0.211484468,24.39185872,21.06818412,3.073645483,280.2324219,8937,41.399431,4080672155,160.6668555,3286,3286,3005.767578
bdd10k_ft_dynamic_rcnn_r50,960,540,0.29267338,28.93641599,21.43083143,3.699301079,334.9941406,8937,41.399431,4080672155,160.6669434,3286,3286,2951.005859
bdd10k_ft_dynamic_rcnn_r50,1280,720,0.326878057,38.81410096,22.40844412,5.10058099,474.1279297,8937,41.399431,4080672155,160.6670459,3286,3286,2811.87207
bdd10k_ft_fcos_r50,320,180,0.104203473,25.17347063,20.99812901,3.061306874,144.5537109,8937,32.136277,3383731775,125.3414307,3286,3286,3141.446289
bdd10k_ft_fcos_r50,512,288,0.158931799,24.76627138,21.25234457,3.001059159,158.9912109,8937,32.136277,3383731775,125.3466943,3286,3286,3127.008789
bdd10k_ft_fcos_r50,640,360,0.218062492,24.13300994,21.013197,2.93413708,176.9091797,8937,32.136277,3383731775,125.347832,3286,3286,3109.09082
bdd10k_ft_fcos_r50,960,540,0.320600472,27.57432583,21.63460976,3.409092198,235.2910156,8937,32.136277,3383731775,125.348623,3286,3286,3050.708984
bdd10k_ft_fcos_r50,1280,720,0.373746374,37.01862419,22.61013566,4.724398756,324.5004883,8937,32.136277,3383731775,125.3490527,3286,3286,2961.499512
bdd10k_ft_frcnn_r50_fpn,320,180,0.116746213,22.4333775,20.47202315,2.688185557,263.1259766,8937,41.399431,4101726791,160.6669434,3286,3286,3022.874023
bdd10k_ft_frcnn_r50_fpn,512,288,0.199343061,22.81781108,20.80453485,2.743881254,269.6538086,8937,41.399431,4101726791,160.6671631,3286,3286,3016.346191
bdd10k_ft_frcnn_r50_fpn,640,360,0.240751793,23.51426452,20.76277525,2.850460084,279.371582,8937,41.399431,4101726791,160.667085,3286,3286,3006.628418
bdd10k_ft_frcnn_r50_fpn,960,540,0.324197457,28.30668498,21.75975098,3.498672042,334.9951172,8937,41.399431,4101726791,160.6672412,3286,3286,2951.004883
bdd10k_ft_frcnn_r50_fpn,1280,720,0.349016784,38.57194708,23.14614964,4.914107258,474.128418,8937,41.399431,4101726791,160.6672998,3286,3286,2811.871582
bdd10k_ft_freeanchor_r50,320,180,0.058414941,23.13394843,21.19669421,2.74967264,170.9462891,10025,36.537287,3810050934,142.1267139,9190,9190,9019.053711
bdd10k_ft_freeanchor_r50,512,288,0.168303029,25.19143635,20.94009536,3.008213565,187.5063477,10025,36.537287,3810050934,142.1265723,9190,9190,9002.493652
bdd10k_ft_freeanchor_r50,640,360,0.17317227,25.63758799,21.76715347,3.076195215,205.1484375,10025,36.537287,3810050934,142.1263379,9190,9190,8984.851563
bdd10k_ft_freeanchor_r50,960,540,0.271106815,33.41925233,22.27082163,4.099495599,255.4946289,10025,36.537287,3810050934,142.126792,9190,9190,8934.505371
bdd10k_ft_freeanchor_r50,1280,720,0.312284563,46.89082775,23.8734926,5.928943219,341.2817383,10025,36.537287,3810050934,142.1276025,9190,9190,8848.718262
bdd10k_ft_mask_rcnn_swin_t,320,180,0.116183257,25.76860347,21.49029352,3.07678145,273.9272461,8937,44.797697,4540574091,171.6256104,3286,3286,3012.072754
bdd10k_ft_mask_rcnn_swin_t,512,288,0.156257535,26.30174347,21.28208637,3.172085192,281.8496094,8937,44.797697,4540574091,171.6258057,3286,3286,3004.150391
bdd10k_ft_mask_rcnn_swin_t,640,360,0.214375824,27.09140212,21.74645816,3.299296766,291.050293,8937,44.797697,4540574091,171.625835,3286,3286,2994.949707
bdd10k_ft_mask_rcnn_swin_t,960,540,0.273345221,35.45062199,22.71875006,4.482587839,353.5292969,8937,44.797697,4540574091,171.6262939,3286,3286,2932.470703
bdd10k_ft_mask_rcnn_swin_t,1280,720,0.312233521,52.06568751,24.42438608,6.977572774,493.6738281,8937,44.797697,4540574091,171.6265869,3286,3286,2792.326172
bdd10k_ft_retinanet_effb3,320,180,0.115026286,32.2220847,21.83922216,4.147993101,99.92236328,8937,18.546351,3030625137,72.50507813,3286,3286,3186.077637
bdd10k_ft_retinanet_effb3,512,288,0.200848325,32.38871139,21.93664817,4.122616878,138.3105469,8937,18.546351,3030625137,72.50313965,3286,3286,3147.689453
bdd10k_ft_retinanet_effb3,640,360,0.265941201,31.74443255,21.98694272,4.022198862,182.4355469,8937,18.546351,3030625137,72.50023926,3286,3286,3103.564453
bdd10k_ft_retinanet_effb3,960,540,0.305385679,34.06564207,22.54475334,4.385761768,305.581543,8937,18.546351,3030625137,72.4971582,3286,3286,2980.418457
bdd10k_ft_retinanet_effb3,1280,720,0.361411211,43.57594487,23.50990487,5.800675052,492.9648438,8937,18.546351,3030625137,72.49585449,3286,3286,2793.035156
bdd10k_ft_retinanet_pvtt,320,180,0.06388492,25.78668936,21.42576927,3.042443879,102.9057617,10025,21.532807,2393825026,82.94989746,9190,9190,9087.094238
bdd10k_ft_retinanet_pvtt,512,288,0.145155313,23.82636432,21.2987159,2.837155043,129.9526367,10025,21.532807,2393825026,82.9547998,9190,9190,9060.047363
bdd10k_ft_retinanet_pvtt,640,360,0.214441261,24.91741244,21.62407011,3.034255567,161.1762695,10025,21.532807,2393825026,82.9548584,9190,9190,9028.82373
bdd10k_ft_retinanet_pvtt,960,540,0.282222397,30.68572436,22.07808004,3.901291863,311.6782227,10025,21.532807,2393825026,82.95380859,9190,9190,8878.321777
bdd10k_ft_retinanet_pvtt,1280,720,0.323483303,44.91496264,23.74883212,6.122764459,771.8295898,10025,21.532807,2393825026,82.95349121,9190,9190,8418.17041
bdd10k_ft_retinanet_r50,320,180,0.106839256,21.64730219,20.73451073,2.562963726,170.9570313,8937,36.537287,3808902108,142.1355957,3286,3286,3115.042969
bdd10k_ft_retinanet_r50,512,288,0.198916601,22.48022361,20.77643744,2.671467132,187.831543,8937,36.537287,3808902108,142.1364648,3286,3286,3098.168457
bdd10k_ft_retinanet_r50,640,360,0.215290873,22.59591801,21.28910408,2.704453888,205.1582031,8937,36.537287,3808902108,142.1351563,3286,3286,3080.841797
bdd10k_ft_retinanet_r50,960,540,0.315239411,27.8354501,21.65769371,3.440507753,255.5039063,8937,36.537287,3808902108,142.1329541,3286,3286,3030.496094
bdd10k_ft_retinanet_r50,1280,720,0.365564775,36.70918217,22.89312851,4.750135608,341.2895508,8937,36.537287,3808902108,142.1318799,3286,3286,2944.710449
bdd10k_ft_rtmdet_tiny,320,180,0.222906502,27.22857638,21.54424193,3.326565462,57.22558594,8937,4.876089,1183276442,19.3832959,3286,3286,3228.774414
bdd10k_ft_rtmdet_tiny,512,288,0.31077047,27.72468185,21.62449092,3.415757003,57.50878906,8937,4.876089,1183276442,19.74533691,3286,3286,3228.491211
bdd10k_ft_rtmdet_tiny,640,360,0.322710345,28.35303808,21.41887876,3.53146765,57.65283203,8937,4.876089,1183276442,19.93580566,3286,3286,3228.347168
bdd10k_ft_rtmdet_tiny,960,540,0.380628728,31.62376464,21.86282682,3.999354054,76.30371094,8937,4.876089,1183276442,20.27194336,3286,3286,3209.696289
bdd10k_ft_sparse_rcnn_r50,320,180,0.060863601,32.61255708,22.51982266,4.026505163,441.6660156,10025,106.186032,16088222476,407.81979,9190,9190,8748.333984
bdd10k_ft_sparse_rcnn_r50,512,288,0.085001815,30.77228591,22.1618017,3.80872151,458.7709961,10025,106.186032,16088222476,407.81979,9190,9190,8731.229004
bdd10k_ft_sparse_rcnn_r50,640,360,0.118716704,30.83447518,22.03483448,3.837693491,491.4272461,10025,106.186032,16088222476,407.81979,9190,9190,8698.572754
bdd10k_ft_sparse_rcnn_r50,960,540,0.139196395,34.82290407,22.87345666,4.405645029,582.034668,10025,106.186032,16088222476,407.81979,9190,9190,8607.965332
bdd10k_ft_sparse_rcnn_r50,1280,720,0.120395249,44.24009357,23.7069013,5.692680375,721.5913086,10025,106.186032,16088222476,407.81979,9190,9190,8468.408691
bdd10k_ft_varifocalnet_r50,320,180,0.103854413,26.44626509,21.5087599,3.40578934,147.0556641,10025,32.732509,3461872992,127.6154346,9190,9190,9042.944336
bdd10k_ft_varifocalnet_r50,512,288,0.189145895,26.7845601,21.58152018,3.494118231,164.0522461,10025,32.732509,3461872992,127.6210352,9190,9190,9025.947754
bdd10k_ft_varifocalnet_r50,640,360,0.224301627,27.48256845,21.99677367,3.594441215,188.9868164,10025,32.732509,3461872992,127.6236523,9190,9190,9001.013184
bdd10k_ft_varifocalnet_r50,960,540,0.337807018,34.2519883,22.701552,4.521717642,256.6425781,10025,32.732509,3461872992,127.6258252,9190,9190,8933.357422
bdd10k_ft_varifocalnet_r50,1280,720,0.3896202,42.78507558,23.3949138,5.775983606,360.3310547,10025,32.732509,3461872992,127.627583,9190,9190,8829.668945
bdd10k_ft_vitdet_b,320,180,0.203949879,124.9582909,33.65579825,24.92285526,2815.48291,8937,107.897863,6752265955,413.4834277,5590,5590,2774.51709
bdd10k_ft_vitdet_b,512,288,0.302981901,126.2297661,34.32589624,25.45184439,2815.48291,8937,107.897863,6752265955,413.4835547,5590,5590,2774.51709
bdd10k_ft_vitdet_b,640,360,0.331420511,125.7548969,34.51644593,25.18785038,2815.483398,8937,107.897863,6752265955,413.4837793,5590,5590,2774.516602
bdd10k_ft_vitdet_b,960,540,0.380614595,125.3166234,33.91967297,25.35262717,2815.483887,8937,107.897863,6752265955,413.4839844,5590,5590,2774.516113
bdd10k_ft_vitdet_b,1280,720,0.375961555,160.2052206,38.18062779,33.91081001,4140.234375,10025,107.897863,6752265955,413.4842041,9190,9190,5049.765625
bdd10k_ft_yolof_r50,320,180,0.056729748,18.49586599,20.52002122,2.333826801,177.7817383,8937,42.569872,8879069234,164.1993945,3286,3286,3108.218262
bdd10k_ft_yolof_r50,512,288,0.123700382,17.85306714,20.74219886,2.27288289,196.2070313,8937,42.569872,8879069234,164.2046924,3286,3286,3089.792969
bdd10k_ft_yolof_r50,640,360,0.150676754,18.77217573,20.18557856,2.418630712,215.9624023,8937,42.569872,8879069234,164.2076025,3286,3286,3070.037598
bdd10k_ft_yolof_r50,960,540,0.23960966,19.34302435,20.94302453,2.53740158,274.1601563,8937,42.569872,8879069234,164.2115674,3286,3286,3011.839844
bdd10k_ft_yolof_r50,1280,720,0.276882082,26.08402061,21.49650253,3.503391775,363.3725586,8937,42.569872,8879069234,164.2152051,3286,3286,2922.627441
bdd10k_ft_yolov3_320,320,180,0.076928837,19.3275603,20.53649372,2.311713951,272.949707,10025,61.577584,2153021368,237.40104,9190,9190,8917.050293
bdd10k_ft_yolov3_320,512,288,0.109462928,20.01056086,20.69351311,2.395887939,294.277832,10025,61.577584,2153021368,237.4012939,9190,9190,8895.722168
bdd10k_ft_yolov3_320,640,360,0.132783948,19.6369951,20.74454455,2.354231656,322.715332,10025,61.577584,2153021368,237.4012256,9190,9190,8867.284668
bdd10k_ft_yolov3_320,960,540,0.123941341,25.1820327,21.13883296,3.073730931,419.0664063,10025,61.577584,2153021368,237.4015674,9190,9190,8770.933594
bdd10k_ft_yolov3_320,1280,720,0.094621525,32.60478496,22.38612087,4.08981632,565.9365234,10025,61.577584,2153021368,237.4022119,9190,9190,8624.063477
bdd20k_ft_conditional_detr_r50,320,180,0.025057428,28.45526148,21.74434074,3.411402926,183.8466797,10025,43.450961,6764401968,169.4970361,9190,9190,9006.15332
bdd20k_ft_conditional_detr_r50,512,288,0.133672345,28.58834819,21.71061003,3.441642544,200.4311523,10025,43.450961,6764401968,169.4970361,9190,9190,8989.568848
bdd20k_ft_conditional_detr_r50,640,360,0.207162393,28.78108748,22.16092635,3.476518622,217.8334961,10025,43.450961,6764401968,169.4970361,9190,9190,8972.166504
bdd20k_ft_conditional_detr_r50,960,540,0.242809148,32.28625786,22.33243534,3.972546446,279.5610352,10025,43.450961,6764401968,169.4970361,9190,9190,8910.438965
bdd20k_ft_conditional_detr_r50,1280,720,0.279511078,36.49513926,22.96352958,4.60228519,362.8530273,10025,43.450961,6764401968,169.4970361,9190,9190,8827.146973
bdd20k_ft_detr_r50,320,180,0.013262755,24.96663773,21.60427045,2.988571498,176.0405273,10025,41.557328,6471271811,162.272915,9190,9190,9013.959473
bdd20k_ft_detr_r50,512,288,0.092302019,26.39268549,21.88870576,3.171118777,193.2070313,10025,41.557328,6471271811,162.272915,9190,9190,8996.792969
bdd20k_ft_detr_r50,640,360,0.149863351,25.33291382,21.58209242,3.060085751,210.609375,10025,41.557328,6471271811,162.272915,9190,9190,8979.390625
bdd20k_ft_detr_r50,960,540,0.200145926,27.46234919,21.65890035,3.370526222,272.3369141,10025,41.557328,6471271811,162.272915,9190,9190,8917.663086
bdd20k_ft_detr_r50,1280,720,0.2275927,34.39048871,22.36751149,4.333086188,355.6289063,10025,41.557328,6471271811,162.272915,9190,9190,8834.371094
bdd20k_ft_grid_rcnn_r50,320,180,0.111679059,31.10006451,22.16474861,3.854153618,351.1494141,10025,64.477476,6366395532,248.7455615,9190,9190,8838.850586
bdd20k_ft_grid_rcnn_r50,512,288,0.18741249,31.67657674,22.18694461,3.921845884,358.378418,10025,64.477476,6366395532,248.7459912,9190,9190,8831.621582
bdd20k_ft_grid_rcnn_r50,640,360,0.225123109,33.06424638,22.47997789,4.134918135,366.5551758,10025,64.477476,6366395532,248.74625,9190,9190,8823.444824
bdd20k_ft_grid_rcnn_r50,960,540,0.322808581,37.04051705,22.91446059,4.737013119,424.4335938,10025,64.477476,6366395532,248.7466992,9190,9190,8765.566406
bdd20k_ft_grid_rcnn_r50,1280,720,0.399583174,46.78826035,23.84417932,6.18598895,562.2075195,10025,64.477476,6366395532,248.747041,9190,9190,8627.79248
bdd20k_ft_nas_fcos_r50,320,180,0.113362338,32.79306902,22.27582801,3.94192067,170.1972656,10025,38.408629,4014381193,149.3431494,9190,9190,9019.802734
bdd20k_ft_nas_fcos_r50,512,288,0.157476795,32.74453102,22.47914068,3.9733402,200.574707,10025,38.408629,4014381193,149.3483496,9190,9190,8989.425293
bdd20k_ft_nas_fcos_r50,640,360,0.203795899,33.55371751,22.47222843,4.103269193,233.5288086,10025,38.408629,4014381193,149.3495801,9190,9190,8956.471191
bdd20k_ft_nas_fcos_r50,960,540,0.325545585,34.25987956,22.55121875,4.313359092,327.9604492,10025,38.408629,4014381193,149.349707,9190,9190,8862.039551
bdd20k_ft_nas_fcos_r50,1280,720,0.361914008,46.2227123,24.06722584,6.098602932,470.737793,10025,38.408629,4014381193,149.3502441,9190,9190,8719.262207
bdd20k_ft_paa_r50,320,180,0.084938837,51.66329701,24.83022594,6.533638832,144.7734375,10025,32.136277,3388222531,125.3363965,9190,9190,9045.226563
bdd20k_ft_paa_r50,512,288,0.193994757,53.97652335,25.13541899,6.798436231,159.4609375,10025,32.136277,3388222531,125.3363965,9190,9190,9030.539063
bdd20k_ft_paa_r50,640,360,0.239448273,55.18435827,25.15174918,6.945277425,176.8959961,10025,32.136277,3388222531,125.3363965,9190,9190,9013.104004
bdd20k_ft_paa_r50,960,540,0.326216893,59.35792187,25.3792973,7.616935892,235.2788086,10025,32.136277,3388222531,125.3363965,9190,9190,8954.721191
bdd20k_ft_paa_r50,1280,720,0.38301607,69.43654329,27.0792933,9.224131909,324.4897461,10025,32.136277,3388222531,125.3363965,9190,9190,8865.510254
bdd20k_ft_tood_r50,320,180,0.118550904,30.44413731,21.92312176,3.787823913,146.8051758,10025,32.062194,3369220725,125.0568848,9190,9190,9043.194824
bdd20k_ft_tood_r50,512,288,0.183890758,30.82055956,22.173622,3.8294395,176.8886719,10025,32.062194,3369220725,125.0601563,9190,9190,9013.111328
bdd20k_ft_tood_r50,640,360,0.245993233,31.24956565,22.14022462,3.892552804,191.8261719,10025,32.062194,3369220725,125.0619531,9190,9190,8998.173828
bdd20k_ft_tood_r50,960,540,0.341954569,35.00398424,22.76761897,4.455829189,266.8964844,10025,32.062194,3369220725,125.0650439,9190,9190,8923.103516
bdd20k_ft_tood_r50,1280,720,0.396494191,43.86659861,23.89732651,5.766492589,373.7792969,10025,32.062194,3369220725,125.0671729,9190,9190,8816.220703
bdd20k_ft_tridentnet_r50,320,180,0.066209371,93.74889362,30.23687699,14.26720353,2817.564941,10025,33.137859,3370061474,128.1509863,9190,9190,6372.435059
bdd20k_ft_tridentnet_r50,512,288,0.196638778,93.47948896,30.24204904,15.13191879,2820.224121,10025,33.137859,3370061474,128.1512988,9190,9190,6369.775879
bdd20k_ft_tridentnet_r50,640,360,0.215488052,93.94709853,30.34652579,15.80970124,2822.54834,10025,33.137859,3370061474,128.1514453,9190,9190,6367.45166
bdd20k_ft_tridentnet_r50,960,540,0.304139228,93.96030659,30.16306216,17.258485,2829.952148,10025,33.137859,3370061474,128.151792,9190,9190,6360.047852
bdd20k_ft_tridentnet_r50,1280,720,0.36378501,99.53596263,30.72221343,18.58596831,2841.179199,10025,33.137859,3370061474,128.1521338,9190,9190,6348.820801
