domain,architecture,model,primary,status,split,n_images,bbox_mAP,mAP50,mAP75,mAP_s,mAP_m,mAP_l,config,checkpoint_sha256
bdd,atss_r50,bdd10k_ft_atss_r50,True,evaluated,val,4000,0.37114954458362726,0.619957593237014,0.3756035439143431,0.15985324628144393,0.4496537646071626,0.6046031581058832,model_zoo/configs/bdd/bdd10k_ft_atss_r50.py,e72b577b511a47791708379c4757fbb6617b1b5bc40c46905ffca4a97c65ee4d
bdd,cascade_rcnn_r50,bdd10k_ft_cascade_rcnn_r50,True,evaluated,val,4000,0.27853893797549256,0.5073634046576686,0.25969756162652596,0.11111911019665353,0.3266234809511387,0.4754244475984554,model_zoo/configs/bdd/bdd10k_ft_cascade_rcnn_r50.py,fbb15490a3ad96c48fffd237271af6fd450d79315f80397ff028ffe1a6d7c5c7
bdd,centernet_r18_dcn,bdd10k_ft_centernet_r18_dcn,True,evaluated,val,4000,0.03993138907314116,0.0992004860230249,0.02874588548293043,0.0027801785690984124,0.03696559069668223,0.15309839697165034,model_zoo/configs/bdd/bdd10k_ft_centernet_r18_dcn.py,4eeeb85b03c14682dab9de29b0f1aea35fec5d49136833c494ab492b5e01fe6a
bdd,conditional_detr_r50,bdd20k_ft_conditional_detr_r50,True,evaluated,val,4000,0.2257062141535546,0.45306842964458144,0.19358101599069502,0.06402022199766098,0.2660104612040217,0.4353578577899421,model_zoo/configs/bdd/bdd20k_ft_conditional_detr_r50.py,92b75a85ea9814e3bce8a44590ceb2dac6b85ac70cba598cc3ccddc58b54e361
bdd,ddq_detr4scale_r50,bdd10k_ft_ddq_detr4scale_r50,True,evaluated,val,4000,0.3389443737972754,0.5952628960326072,0.3231152308294626,0.15403053579051856,0.3894018927988439,0.5689870140048786,model_zoo/configs/bdd/bdd10k_ft_ddq_detr4scale_r50.py,fb520cd689f38531fdc3477309abc1fb1cc37bd3d04c42f62bbf7746386739b3
bdd,deformable_detr_r50,bdd10k_ft_deformable_detr_r50,True,evaluated,val,4000,0.27832465073913143,0.5229797800091147,0.25534206115612984,0.10463942490721227,0.3288382893280809,0.46849756311101814,model_zoo/configs/bdd/bdd10k_ft_deformable_detr_r50.py,34efb50d969b47bbc3096dad24261a95971643a1a9865466ac2e00704c545465
bdd,deformable_detr_refine_r50,bdd10k_ft_deformable_detr_refine_r50,True,evaluated,val,4000,0.28932105117780443,0.5277002219910999,0.2742759608341177,0.11998320606384612,0.3408352699687767,0.4892207908755911,model_zoo/configs/bdd/bdd10k_ft_deformable_detr_refine_r50.py,1ce7f4a4eec7fa5ef4acc6945fa95bcde3fb7c41820ea9d3c8cf7ab70360f0bd
bdd,detr_r50,bdd20k_ft_detr_r50,True,evaluated,val,4000,0.18187703969171773,0.3740352630267473,0.15209442469051004,0.04387588360444407,0.21014322486378714,0.38675009850732994,model_zoo/configs/bdd/bdd20k_ft_detr_r50.py,42e9f1188c1815cb11573a3fd68d8e2beaeb9e8ee8eb292be20866a9de64cae3
bdd,diffusiondet_r50,bdd10k_ft_diffusiondet_r50,True,checkpoint_mismatch,val,4000,0.29436125847005057,0.5535340538861553,0.2673951001262869,0.1383929393334073,0.34613535947068136,0.48428038885141517,model_zoo/configs/bdd/bdd10k_ft_diffusiondet_r50.py,90c90dabd067b0d8fa76d55b15d7694284c4bb7caf35a8bddcc7c9b3f576e7db
bdd,dino_swin_l,bdd10k_ft_dino_swin_l,True,evaluated,val,4000,0.32158617892066427,0.5906682950801863,0.2970301293608162,0.14980510954863333,0.3715575794812082,0.5199421028478657,model_zoo/configs/bdd/bdd10k_ft_dino_swin_l.py,bacc3913ad19f00d482044196c9b3a7c9244fee9b7257066466c065cc761f0b4
bdd,dynamic_rcnn_r50,bdd10k_ft_dynamic_rcnn_r50,True,evaluated,val,4000,0.25557020678665426,0.4641040617131153,0.24305566920733865,0.09952702723094453,0.31179622037125737,0.4271999752242301,model_zoo/configs/bdd/bdd10k_ft_dynamic_rcnn_r50.py,5724053ad8519cd2aa610c208bf209c9f09faf9beaa40fa4b51474555bd15c21
bdd,efficientdet_d3,bdd10k_ft_efficientdet_d3,False,no_detections,val,4000,,,,,,,model_zoo/configs/bdd/bdd10k_ft_efficientdet_d3.py,2bf14ad61c82baf86186d2f7efc213311fc744f08159a112953d46f8092eea4d
bdd,efficientdet_d3,bdd10k_ft_efficientdet_d3_v2,True,evaluated,val,4000,0.19407220842761394,0.37727117004567917,0.16864790396372303,0.0401573657768374,0.25409446158394094,0.4024201363917316,model_zoo/configs/bdd/bdd10k_ft_efficientdet_d3_v2.py,f66e1a4370544eb67af44502a44c79906add5710ea8d9f891b2bdb232f8b43c3
bdd,fcos_r50,bdd10k_ft_fcos_r50,True,evaluated,val,4000,0.343276588417235,0.5895270112476739,0.33616317482345687,0.12118942194247029,0.4251566536415966,0.5873795405348746,model_zoo/configs/bdd/bdd10k_ft_fcos_r50.py,f1594a7a6e758554be247a090b24a53a8cd38b8a5a59f7cd33383b818f743dae
bdd,frcnn_r50_fpn,bdd10k_ft_frcnn_r50_fpn,True,evaluated,val,4000,0.3206899567195236,0.5770687178462681,0.30974702913207053,0.1445609528005623,0.39247696578081864,0.4973067926194204,model_zoo/configs/bdd/bdd10k_ft_frcnn_r50_fpn.py,c5011f7507e4e1bec3a3b7703c82166782d38eaf9db6bf96af1f67fa18086688
bdd,freeanchor_r50,bdd10k_ft_freeanchor_r50,True,evaluated,val,4000,0.22367561232715968,0.4227960960179277,0.2042374295224826,0.07839025602580608,0.2642278834973488,0.3879656481586325,model_zoo/configs/bdd/bdd10k_ft_freeanchor_r50.py,64b27143045b4ed6916db0f402e75bda24222738e7af7902b25283129fa181df
bdd,grid_rcnn_r50,bdd20k_ft_grid_rcnn_r50,True,evaluated,val,4000,0.28956604092307325,0.5214680047353579,0.2788459315679448,0.12564443279349533,0.34054165259326435,0.48380802954964863,model_zoo/configs/bdd/bdd20k_ft_grid_rcnn_r50.py,c8f33c097b2df677135ce99d0cc206334fb57c022b2065eecaea5278b605c2d7
bdd,mask_rcnn_swin_t,bdd10k_ft_mask_rcnn_swin_t,True,evaluated,val,4000,0.2195200374831693,0.45054293911849436,0.18195029588671843,0.10005558314019238,0.27285026753659813,0.34554091354445987,model_zoo/configs/bdd/bdd10k_ft_mask_rcnn_swin_t.py,bd50d5ceb8dd34a0ceaab1618b9e4034a24e46af4df8574298322806d23f3538
bdd,nas_fcos_r50,bdd20k_ft_nas_fcos_r50,True,evaluated,val,4000,0.2714399591083782,0.5063589027742832,0.24607793370394762,0.10505993161065658,0.32312248280737305,0.4465683561723428,model_zoo/configs/bdd/bdd20k_ft_nas_fcos_r50.py,8efed7f7f274cf48a885c1c32fd47296e70662df2cde325e56d1d2e37e55f3d6
bdd,paa_r50,bdd20k_ft_paa_r50,True,evaluated,val,4000,0.2902067494680036,0.5210569357705693,0.27407588720764703,0.1105887290651028,0.34172535601821696,0.472547350284429,model_zoo/configs/bdd/bdd20k_ft_paa_r50.py,00115ab801bf014c5172295e7e8a8294dc3715cb96d6995462ae42c5a52de505
bdd,reppoints_r50,bdd10k_ft_reppoints_r50,False,no_detections,val,4000,,,,,,,model_zoo/configs/bdd/bdd10k_ft_reppoints_r50.py,125a605f9d5d2cc4e968d86918f76c716a818febd46c4579de4a392e36ccd9ae
bdd,reppoints_r50,bdd10k_ft_reppoints_r50_v2,True,numerical_issue,val,4000,0.17884152461380026,0.3504908576484677,0.1574538014124458,0.055946545040336616,0.22265347671855112,0.3393122723827278,model_zoo/configs/bdd/bdd10k_ft_reppoints_r50_v2.py,0b4c32a199121123ff3bda1935b76bbebe11c622d5701e2e02831935755853d5
bdd,reppoints_r50,bdd10k_ft_reppoints_r50_v3,False,training,,,,,,,,,training/configs/bdd10k_ft_reppoints_r50_v3.py,
bdd,retinanet_effb3,bdd10k_ft_retinanet_effb3,True,evaluated,val,4000,0.23790909872223667,0.43728165457687174,0.22248314528269855,0.04339214995417122,0.300536462938918,0.45357924396282884,model_zoo/configs/bdd/bdd10k_ft_retinanet_effb3.py,64db0d1a546f5a56e6cfdda7fb60db5bb820e38d4951f05707108115861df0bd
bdd,retinanet_pvtt,bdd10k_ft_retinanet_pvtt,True,evaluated,val,4000,0.24448306870818803,0.45978637378671494,0.22256562647689349,0.08176973706287896,0.3037617405009365,0.43465158138174437,model_zoo/configs/bdd/bdd10k_ft_retinanet_pvtt.py,c5b920d738b4f03aa39849d72d4a98401fd7b1ea1023e512fb4f2497237bd706
bdd,retinanet_r50,bdd10k_ft_retinanet_r50,True,evaluated,val,4000,0.34629536349722106,0.5908543390125027,0.3442532643194675,0.1134041085504295,0.44178783712652897,0.5870368287834915,model_zoo/configs/bdd/bdd10k_ft_retinanet_r50.py,65539cd50367be31de5ec0dca9860dd41f391d8c06413f868943ca3ad813a4dd
bdd,rtmdet_tiny,bdd10k_ft_rtmdet_tiny,True,evaluated,val,4000,0.2691460178217965,0.4761764471678715,0.2543790055355099,0.07247290093636673,0.32930053304263407,0.526491311651434,model_zoo/configs/bdd/bdd10k_ft_rtmdet_tiny.py,29c1ff8007dbba769b6122a93ccd8c6ff0e249452a8144a4dd3268829f10c73c
bdd,sparse_rcnn_r50,bdd10k_ft_sparse_rcnn_r50,True,evaluated,val,4000,0.08958392325192079,0.1911055894845135,0.07080107939490751,0.023298075403772944,0.10423604063626078,0.1819675868088112,model_zoo/configs/bdd/bdd10k_ft_sparse_rcnn_r50.py,ae9ce714f2d60418e345d5c189bfb60d492271aa02644e8d76a205caa7f19e6e
bdd,ssd300,bdd10k_ft_ssd300,True,evaluated,val,4000,0.06766645015185616,0.13824692068116587,0.06064477940134908,0.006065388517839112,0.06840704739297743,0.20389317688712447,model_zoo/configs/bdd/bdd10k_ft_ssd300.py,3b9747603ba4de11b8c7d133287e2158fd256317489684e28bf0b5266416974b
bdd,tood_r50,bdd20k_ft_tood_r50,True,evaluated,val,4000,0.29968443619810226,0.5341196499509254,0.2815732758380868,0.11885613801388278,0.3539285008209153,0.48406865368415364,model_zoo/configs/bdd/bdd20k_ft_tood_r50.py,ff07f3507215f3f0a0b4e61041954d0275cb1bb9e6e8b5534984a886bac832ea
bdd,tridentnet_r50,bdd20k_ft_tridentnet_r50,True,evaluated,val,4000,0.27828162611967294,0.5166551972530652,0.2528664615996115,0.09696895886727001,0.33458521155261384,0.4733743249475341,model_zoo/configs/bdd/bdd20k_ft_tridentnet_r50.py,5f76143c6fb06e3862116689b5246d90edaec176cb70955ea2033d8c97aae7bc
bdd,varifocalnet_r50,bdd10k_ft_varifocalnet_r50,True,evaluated,val,4000,0.29015030147633597,0.5230073174365579,0.2724557711743503,0.11445137235827287,0.3461377161180704,0.4642030170151184,model_zoo/configs/bdd/bdd10k_ft_varifocalnet_r50.py,4b2011fcf6109cd9d32632022d4e8f7d8cdf056882a5316e434404af77fa3dde
bdd,vitdet_b,bdd10k_ft_vitdet_b,True,evaluated,val,4000,0.3190443777078327,0.5600885280730343,0.3087727049215387,0.12117683878346117,0.38752182676806873,0.5542937114659351,model_zoo/configs/bdd/bdd10k_ft_vitdet_b.py,2bfd3a0a27108611353b01e721d651133c6a9f87cb52df30291bd71590d9ce3b
bdd,yolof_r50,bdd10k_ft_yolof_r50,True,evaluated,val,4000,0.29913906692926845,0.5099491539955767,0.29749413699048,0.06540669212144495,0.3835082363763688,0.6082991375965804,model_zoo/configs/bdd/bdd10k_ft_yolof_r50.py,c4bb2db6f3344160b1f314ee0343cce3c16b70e9d283d3504d102fa13ccd03f2
bdd,yolov3_320,bdd10k_ft_yolov3_320,True,evaluated,val,4000,0.08534158588395364,0.2093076420162802,0.06160990217426046,0.011590993372561965,0.10370051223435674,0.2498585892684679,model_zoo/configs/bdd/bdd10k_ft_yolov3_320.py,4cebd16c07672fc9607d391f0c8d7feccde7e91799b23d2ae3640d5174184749
mobility,atss_r50,mobility10k_ft_atss_r50,True,evaluated,cma_val,784,0.6830002090739175,0.8730919065999166,0.7728941391871945,0.30908352530495053,0.6874221091475111,0.7704132614657955,model_zoo/configs/mobility/mobility10k_ft_atss_r50.py,bf6538c7ce03cc4c3a1fd31d23c2e7124966cafe260e0d68c6ca4cdc27acb7bd
mobility,cascade_rcnn_r50,mobility10k_cascade_rcnn_r50,True,evaluated,cma_val,784,0.6526341773776709,0.8673024131592706,0.7528363955019133,0.2581360435738202,0.6551367271991597,0.7367519209420487,model_zoo/configs/mobility/mobility10k_cascade_rcnn_r50.py,a6af9340a3b76b8d6d89c75f1e5e774bd1bcac0d5e719e5240d3378b4cdf048d
mobility,centernet_r18_dcn,mobility10k_ft_centernet_r18_dcn,True,evaluated,cma_val,784,0.14905094234402516,0.3313907475301961,0.11201785762835535,0.023808796733740856,0.15624649116496658,0.20720935708772703,model_zoo/configs/mobility/mobility10k_ft_centernet_r18_dcn.py,a2aa535435f5ca9819b72ae9b84141a5fefd830bd65a67f1aed2261cb1f3c3ad
mobility,conditional_detr_r50,mobility20k_ft_conditional_detr_r50i,True,evaluated,cma_val,784,0.48803452873785524,0.8059024309361854,0.5563120252697193,0.1431579737557576,0.46698414227516355,0.6481625344782189,model_zoo/configs/mobility/mobility20k_ft_conditional_detr_r50i.py,9b7f8bb749a472a3098b45b1f42f62e2f4cacf77031e2baa99e809eeac4f8017
mobility,ddq_detr4scale_r50,mobility10k_ft_ddq_detr4scale_r50,True,evaluated,cma_val,784,0.7050018507732785,0.8729490184329322,0.7906941309656953,0.3886774550709075,0.7092722437879916,0.7676493584382288,model_zoo/configs/mobility/mobility10k_ft_ddq_detr4scale_r50.py,ad045a1d017236c78cc52b9e148d26021d40b03e500e110df1521ae97cee5f25
mobility,deformable_detr_r50,mobility10k_ft_deformable_detr_r50,True,evaluated,cma_val,784,0.6599185664803153,0.8617367030168952,0.7614568801322886,0.40041677458735775,0.6622844447662809,0.74582120525778,model_zoo/configs/mobility/mobility10k_ft_deformable_detr_r50.py,299439ade6e250609c9e1efda22fc3d6df65dd8b70c2c9259ca46c09e41f77a2
mobility,deformable_detr_refine_r50,deformable-detr-refine_r50_2xb2-25e_mobility100k,True,evaluated,cma_val,784,0.6631043517179354,0.861431340678563,0.7555640563298816,0.30432360766978833,0.6593693563138856,0.7580049956894922,model_zoo/configs/mobility/deformable-detr-refine_r50_2xb2-25e_mobility100k.py,378db0c5be6247450667f067c856aaa63b8d72687bb2dfbdbcf28779111ee80d
mobility,detr_r50,mobility20k_ft_detr_r50,True,evaluated,cma_val,784,0.4468627806791371,0.6769820178945121,0.5197198059081808,0.14946395879340432,0.4432725450329257,0.5581685684344183,model_zoo/configs/mobility/mobility20k_ft_detr_r50.py,6f04a6025078ff756c5cf287e2113b2319956faf24117bae1222b63b556302bb
mobility,diffusiondet_r50,mobility10k_ft_diffusiondet_r50,True,evaluated,cma_val,784,0.6711459696845247,0.8791640172515007,0.753836096393362,0.4319280555127769,0.6678048025156289,0.7539133332619891,model_zoo/configs/mobility/mobility10k_ft_diffusiondet_r50.py,c2f5b46f2753142063ae8296fab9d912b7f07374805850aa0a05d02ecb94a57d
mobility,dino_swin_l,mobility10k_ft_dino_swin_ln,True,evaluated,cma_val,784,0.7251727011004746,0.9032022336628429,0.8016815395308778,0.32394326230007014,0.7158670580625763,0.8170081755774371,model_zoo/configs/mobility/mobility10k_ft_dino_swin_ln.py,675fd519cbdf98b0579f43554190a516fd92852bdd2efd4ad40813817aefd40f
mobility,dynamic_rcnn_r50,mobility10k_ft_dynamic_rcnn_r50,True,evaluated,cma_val,784,0.6066541313998082,0.8196966027220021,0.7027020232893465,0.29214091904999834,0.6064203038025535,0.6826030056574609,model_zoo/configs/mobility/mobility10k_ft_dynamic_rcnn_r50.py,f666edc04a779a4acc8de75e13cb59d10c30b12944e442d03379bc05fc4f6ecd
mobility,efficientdet_d3,mobility10k_ft_efficientdet_d3,True,evaluated,cma_val,784,0.5522226746500141,0.7481798254331309,0.6246093206659419,0.21287255459264093,0.5522755266832198,0.6458723520939968,model_zoo/configs/mobility/mobility10k_ft_efficientdet_d3.py,110c2662060ff91bfb6a66420377eeaa1486c558196bb054bd4f31e0c0bdbe04
mobility,fcos_r50,mobility10k_ft_fcos_r50,True,evaluated,cma_val,784,0.6453383845312086,0.8579213992628816,0.7430014482187215,0.2435949322013961,0.6439425504641406,0.7451564676814608,model_zoo/configs/mobility/mobility10k_ft_fcos_r50.py,78e98ec63c7575eb99f475c69cf4e722791f7175dd1285d3c5b72e40e1667e72
mobility,frcnn_r50_fpn,mobility10k_ft_faster_rcnn,True,evaluated,cma_val,784,0.5920063742685037,0.8488427981538178,0.6933027223450363,0.31896884176315726,0.5753171478272034,0.6939656690469134,model_zoo/configs/mobility/mobility10k_ft_faster_rcnn.py,c0fe9e20c808f539fec5f345394b2c65ea8b593e66ad972dc8a59ec72e38d1e1
mobility,freeanchor_r50,mobility10k_ft_freeanchor_r50,True,evaluated,cma_val,784,0.3300218930949583,0.5343457896513937,0.357758220192868,0.20081585022882714,0.3593049402309913,0.33423347515465596,model_zoo/configs/mobility/mobility10k_ft_freeanchor_r50.py,2172d5dc26df7b794d111b3746bac60f38cbc94e747389627adfe15905ae5185
mobility,grid_rcnn_r50,mobility20k_ft_grid_rcnn_r50,True,evaluated,cma_val,784,0.6515831776786153,0.8374855644775785,0.7456670558403051,0.29830430021792986,0.6405557999360257,0.7394215357837938,model_zoo/configs/mobility/mobility20k_ft_grid_rcnn_r50.py,889f2fd12796e513ec2706bc03cff16031105b205c8fabf8af468492479f041c
mobility,mask_rcnn_swin_t,mobility10k_ft_mask_rcnn_swin_t,True,evaluated,cma_val,784,0.5868082021787996,0.8369199717236501,0.6878575658301492,0.23820023409980542,0.5883656653993844,0.66646583850198,model_zoo/configs/mobility/mobility10k_ft_mask_rcnn_swin_t.py,49283c76a5c99b5dfbd10d5617be2e79e2eadae0e33cc4651ba9871bcc4b08d1
mobility,nas_fcos_r50,mobility20k_ft_nas_fcos_r50,True,evaluated,cma_val,784,0.6537066175410639,0.8517750058800267,0.7318480638272907,0.31061091049136763,0.6537794261764793,0.7407805713702509,model_zoo/configs/mobility/mobility20k_ft_nas_fcos_r50.py,7a5b6909295b6bb2ed4ddc015c9cfc2905f3566ec2742264a2193697aee2546c
mobility,paa_r50,mobility20k_ft_paa_r50,True,evaluated,cma_val,784,0.6923004939333607,0.8810115568003889,0.787925197652607,0.3367333971003334,0.694661538540391,0.7732840452579762,model_zoo/configs/mobility/mobility20k_ft_paa_r50.py,3622ea938d71cd7ffe8c42eb7858c1efe42d1abe146d6f850af146fbacf2fb9f
mobility,reppoints_r50,mobility10k_ft_reppoints_r50,True,evaluated,cma_val,784,0.33578299211322277,0.5440647686270569,0.3664086034394901,0.19266482542117883,0.3576322654352387,0.36369846361374136,model_zoo/configs/mobility/mobility10k_ft_reppoints_r50.py,7b9ca4e33f19c8b219836c56602907a3edcf0d66817ec90a4f2dd49689001fc2
mobility,retinanet_effb3,mobility10k_ft_retinanet_effb3,True,evaluated,cma_val,784,0.6442756115803541,0.8445607075062305,0.7297479274387646,0.20348916853911386,0.6453367219802569,0.7556853939706091,model_zoo/configs/mobility/mobility10k_ft_retinanet_effb3.py,2ee7466cdc4320a867c32071022ac0e5e01ff7eb8852e178be3b9b584735da2f
mobility,retinanet_pvtt,mobility10k_ft_retinanet_pvtt,True,evaluated,cma_val,784,0.6028642621775733,0.8198860884192857,0.69064794829184,0.2759834994641935,0.6168927489372,0.6750950141166874,model_zoo/configs/mobility/mobility10k_ft_retinanet_pvtt.py,a1bd78094eb74c1756229265e8483900f85389fa25463547e023c2f99fde5384
mobility,retinanet_r50,mobility10k_ft_retinanet_r50,True,evaluated,cma_val,784,0.661391189091974,0.8649460231171705,0.7506540182773725,0.23086893378495887,0.6801511741475598,0.7422764477234617,model_zoo/configs/mobility/mobility10k_ft_retinanet_r50.py,b1eaa0f35589da824352fd263ed49e32deb08d6e1a67eea47b003c94fce2003e
mobility,rtmdet_tiny,mobility10k_ft_rtmdet_tiny,True,evaluated,cma_val,784,0.5995867800846021,0.812644745368601,0.6871240925103762,0.20620717492726842,0.6047184350114356,0.7063390433959017,model_zoo/configs/mobility/mobility10k_ft_rtmdet_tiny.py,b2ecaec954ead8534e31c296b9e0417c7bc1a7f05dab76f36a62e5f79c15b584
mobility,sparse_rcnn_r50,mobility10k_sparse_rcnn_r50,True,evaluated,cma_val,784,0.5318142802132271,0.7555083676309045,0.6015851110855186,0.23041776697298405,0.5388100311558884,0.61377888792429,model_zoo/configs/mobility/mobility10k_sparse_rcnn_r50.py,c217501e464b700cc919160e4870b9bbb62a27c9a57fed8081ee2dd0836a5093
mobility,ssd300,mobility10k_ft_ssd300,True,evaluated,cma_val,784,0.40910052768324706,0.6566892076493872,0.46106285970613514,0.08227095445668066,0.39619535557312224,0.5424898309665489,model_zoo/configs/mobility/mobility10k_ft_ssd300.py,a0813c02b5eb8b0874bde6925ffdcf48b5eadac97393e180b4f2c7a3f5616d87
mobility,tood_r50,mobility20k_ft_tood_r50,True,evaluated,cma_val,784,0.7096713364043368,0.8874876452726346,0.7916533521734089,0.3809210557161172,0.7131773015240896,0.7916306280698823,model_zoo/configs/mobility/mobility20k_ft_tood_r50.py,1bc29f76bad5d4fb6f514d61fe845f8596747e9e593f0c73f83a73fec6c042fc
mobility,tridentnet_r50,mobility20k_ft_tridentnet_r50,True,evaluated,cma_val,784,0.6221239446981225,0.8498997939703294,0.7184148095007536,0.2781761987148441,0.6172354981526569,0.7341682591486263,model_zoo/configs/mobility/mobility20k_ft_tridentnet_r50.py,bedaefac91c057bb44154acb519022aa57803f6b6c2b93ce6b7ea7e778222afe
mobility,varifocalnet_r50,mobility10k_ft_varifocalnet_r50,True,evaluated,cma_val,784,0.6933985703436903,0.8726689145082761,0.7802055062342237,0.2965925095494905,0.7091326678997845,0.7562834063684759,model_zoo/configs/mobility/mobility10k_ft_varifocalnet_r50.py,8cd90e660c5817e0bc936b2cf387c00dcb56bff109d194705d56b586063b801e
mobility,vitdet_b,mobility10k_vitdet_b,True,evaluated,cma_val,784,0.7282161496281415,0.9143436478367948,0.8187979730406384,0.45397997510067495,0.7310370524535739,0.8037507059927875,model_zoo/configs/mobility/mobility10k_vitdet_b.py,a30bd4dde54863137807be075471892d4038eb69b44a5380a206a6cc6f9a4b38
mobility,yolof_r50,mobility10k_ft_yolof_r50,True,evaluated,cma_val,784,0.626786437875712,0.838045552949617,0.7228574747043324,0.18849794742277626,0.6171860035621356,0.7497913471122246,model_zoo/configs/mobility/mobility10k_ft_yolof_r50.py,2f718108f4b186ecb9a4529a7338cffc9e57b6e7f931036925e2e2dbe9980820
mobility,yolov3_320,mobility10k_ft_yolov3_d53_320,True,evaluated,cma_val,784,0.26449719471693245,0.5128925285134379,0.2450453616710273,0.081585498030174,0.2739447930156928,0.32875276299448913,model_zoo/configs/mobility/mobility10k_ft_yolov3_d53_320.py,7421208eebd134281050d1fe9c8bca3b54c158f3107b31ce9618c8984321d433
seadronessee,atss_r50,seadronessee10k_ft_atss_r50,True,evaluated,sds_val,1547,0.44466302311746253,0.7501408519978117,0.44891614899644583,0.36133564904290466,0.4901272370393852,0.6458676563155069,model_zoo/configs/seadronessee/seadronessee10k_ft_atss_r50.py,4a6f982f7b745dd42229e24af682fc071a8d25edb3ddfe2c6319c941c09a048f
seadronessee,cascade_rcnn_r50,seadronessee10k_cascade_rcnn_r50,True,evaluated,sds_val,1547,0.3882881894726072,0.6089519404506131,0.42441470187866986,0.1385874291211571,0.4703659799429431,0.6436435547448359,model_zoo/configs/seadronessee/seadronessee10k_cascade_rcnn_r50.py,3fadcab32ed5052c0ee405703afade6954c547e8c335b81f411258df681d145d
seadronessee,centernet_r18_dcn,seadronessee10k_ft_centernet_r18_dcn,True,evaluated,sds_val,1547,0.0262338211053944,0.08106545092060809,0.011526073694229392,0.003024126983957345,0.004998432835184487,0.0654384973462895,model_zoo/configs/seadronessee/seadronessee10k_ft_centernet_r18_dcn.py,66afcf3d911dc1ecfbf08fea97f98f39c96102b2cd09b5f5315aefc756fb9931
seadronessee,conditional_detr_r50,seadronessee20k_ft_conditional_detr_r50,True,evaluated,sds_val,1547,0.3671626489806635,0.7091720828922883,0.3449975648174411,0.2552677766738243,0.3898401519219686,0.6131488603715649,model_zoo/configs/seadronessee/seadronessee20k_ft_conditional_detr_r50.py,267dc34802649f9a31ad38328ce85add112c684454d9fcb3a8daa921cd9cd619
seadronessee,ddq_detr4scale_r50,seadronessee10k_ft_ddq_detr4scale_r50,True,evaluated,sds_val,1547,0.527107464689967,0.8779518627466198,0.5268631345783311,0.4765792601956394,0.5332255599042062,0.699023803877955,model_zoo/configs/seadronessee/seadronessee10k_ft_ddq_detr4scale_r50.py,4c7cbd46ca9f27abce2141836a1f76940b2c12aedd1d411764624326645eb2f1
seadronessee,deformable_detr_r50,seadronessee10k_ft_deformable_detr_r50,True,evaluated,sds_val,1547,0.48391568486959274,0.8616791012127473,0.46221961892181623,0.39018385703141845,0.5082377055453103,0.6657527990784193,model_zoo/configs/seadronessee/seadronessee10k_ft_deformable_detr_r50.py,e641c8dc5e708e1701f7f28c2ee6252294421c1ba5d9bc2b5fcf52d7edc71fa5
seadronessee,deformable_detr_refine_r50,seadronessee10k_ft_deformable_detr_refine_r50,True,evaluated,sds_val,1547,0.48199655253601986,0.845196223968344,0.4569655586884158,0.39479764883898094,0.513840313653081,0.6762173766978647,model_zoo/configs/seadronessee/seadronessee10k_ft_deformable_detr_refine_r50.py,a227505688b2b4929f3a75f140ddcb4918c8c463302347c62d91a61102a4f8a1
seadronessee,detr_r50,seadronessee20k_ft_detr_r50,True,evaluated,sds_val,1547,0.30469218399258335,0.6312749727555366,0.2467347383005862,0.16282907863029936,0.30232076218840925,0.5414208326895332,model_zoo/configs/seadronessee/seadronessee20k_ft_detr_r50.py,831b4dd5179a7e5b448d16a75162bb481345a95e44f97bd4bf546dd9cd987c8b
seadronessee,diffusiondet_r50,seadronessee10k_ft_diffusiondet_r50_8xb2-50e_coco,True,evaluated,sds_val,1547,0.5201411848905791,0.8648121858620919,0.5259697678342807,0.45511040023591676,0.5217405592053214,0.657698908977069,model_zoo/configs/seadronessee/seadronessee10k_ft_diffusiondet_r50_8xb2-50e_coco.py,37cc16f3e8e930a17d0830dc95156dc0f24c6664e1f0e274e07cf45f1f4b2b6e
seadronessee,dino_swin_l,seadronessee10k_ft_dino_swin_l,True,evaluated,sds_val,1547,0.5425703528481666,0.8642768731565742,0.5825314732254506,0.5065798311752487,0.5420182568914813,0.6981337087104896,model_zoo/configs/seadronessee/seadronessee10k_ft_dino_swin_l.py,1963e7d0857925b513b16cb013900b43de560cb1cf79cbff959eaa8988398df3
seadronessee,dynamic_rcnn_r50,seadronessee10k_ft_dynamic_rcnn_r50,True,evaluated,sds_val,1547,0.35066715992937225,0.5586856038598483,0.3714737335236482,0.11011435708628596,0.42248979586782254,0.6134691054344382,model_zoo/configs/seadronessee/seadronessee10k_ft_dynamic_rcnn_r50.py,8010d245fda222a88ae32fd3c6d8b51e694c582fae34595dd1ad5bc2470be7dd
seadronessee,efficientdet_d3,seadronessee10k_ft_efficientdet_d3,True,evaluated,sds_val,1547,0.2762825878533228,0.5242632892321227,0.25397961944244885,0.15494715520734442,0.2986678506002072,0.4396511543863441,model_zoo/configs/seadronessee/seadronessee10k_ft_efficientdet_d3.py,e5ed43acfd157893027afe5cda037fa229f33c6107b4a69abfcb9d6243dbfe8a
seadronessee,fcos_r50,seadronessee10k_ft_fcos_r50,True,evaluated,sds_val,1547,0.4360103297426767,0.751497490397418,0.43396743906251134,0.27683563270373174,0.4754321285052059,0.6501608485020038,model_zoo/configs/seadronessee/seadronessee10k_ft_fcos_r50.py,1c2c124413b7f14aa318dfb3fcda4203095c55dc12a0056e581103629f9769e9
seadronessee,frcnn_r50_fpn,seadronessee10k_ft_faster_rcnn,False,evaluated,sds_val,1547,0.38168322309732716,0.595208191431839,0.40959641590016876,0.15112692238298234,0.45304059983165923,0.6579569216805279,model_zoo/configs/seadronessee/seadronessee10k_ft_faster_rcnn.py,7523c33ce2f42850e47b732f82ed8b1b452cc8b5c014dd22cad2b65bcb24abfe
seadronessee,frcnn_r50_fpn,seadronessee10k_ft_frcnn_r50_fpn,True,evaluated,sds_val,1547,0.38197136593446973,0.5946188632812537,0.41142734508289547,0.14621918106664555,0.46186228210435015,0.657784384163244,model_zoo/configs/seadronessee/seadronessee10k_ft_frcnn_r50_fpn.py,015ed0e4b773f08ad37db6433bb164ca81337072aa8078a044aafd73c0960923
seadronessee,freeanchor_r50,seadronessee10k_ft_freeanchor_r50,False,evaluated,sds_val,1547,0.0,0.0,0.0,0.0,0.0,0.0,model_zoo/configs/seadronessee/seadronessee10k_ft_freeanchor_r50.py,49f0d0ccfeb1949b0e38c910ccf659658dc26a278547bfc112db3e2979f30ff2
seadronessee,freeanchor_r50,seadronessee10k_ft_freeanchor_r50_v2,True,evaluated,sds_val,1547,0.3018721618165845,0.5557350117404088,0.2899519967754813,0.13832867877517202,0.3499165772257188,0.5089582656852126,model_zoo/configs/seadronessee/seadronessee10k_ft_freeanchor_r50_v2.py,d220e8a8d94688a79a408c7ffff26128f4995b158689e4d1c6d6ef988850c5c3
seadronessee,grid_rcnn_r50,seadronessee20k_ft_grid_rcnn_r50,True,evaluated,sds_val,1547,0.39313417434316084,0.6043382215093588,0.42269305174774535,0.16673650736470685,0.46468074429442796,0.6766674836066526,model_zoo/configs/seadronessee/seadronessee20k_ft_grid_rcnn_r50.py,2f1c7da7750353f5b980034662be271e52d827b23a8742ea3a18c0ef613a978b
seadronessee,mask_rcnn_swin_t,seadronessee10k_ft_mask_rcnn_swin_t,True,evaluated,sds_val,1547,0.31639510257737025,0.5100002644827067,0.33763249324107547,0.09015138818957708,0.34067800285364885,0.6065547528874285,model_zoo/configs/seadronessee/seadronessee10k_ft_mask_rcnn_swin_t.py,ae87c68bbfc7cce44db464a3203855ce9ae30279219fd3982ca2782f729d2412
seadronessee,nas_fcos_r50,seadronessee20k_ft_nas_fcos_r50,True,evaluated,sds_val,1547,0.4436432221182119,0.7457010824872833,0.451262123724163,0.295240743117799,0.48019377828195936,0.6643263121581613,model_zoo/configs/seadronessee/seadronessee20k_ft_nas_fcos_r50.py,4a4850d8f8d0b190e9b736cecb3038fedff2ec8826341d043d7c166ec96c387b
seadronessee,paa_r50,seadronessee20k_ft_paa_r50,True,evaluated,sds_val,1547,0.5088728754365475,0.8567776392963151,0.519595207327582,0.44480951756296766,0.5110901916666268,0.6856227152106482,model_zoo/configs/seadronessee/seadronessee20k_ft_paa_r50.py,f39f619fce3bd2c22e8bd41741fe5015ad7cd68c1a8dd42ced345c76e5314cec
seadronessee,reppoints_r50,seadronessee10k_ft_reppoints_r50,False,evaluated,sds_val,1547,3.355868026872121e-07,1.0988890231975472e-06,0.0,0.0,0.0,4.194835033590152e-07,model_zoo/configs/seadronessee/seadronessee10k_ft_reppoints_r50.py,d0712f460c91a7bb80187c03302b7cc926f7ad240fe4b57f430bc1ed6e2139f1
seadronessee,reppoints_r50,seadronessee10k_ft_reppoints_r50_v2,True,evaluated,sds_val,1547,0.28764560561165137,0.537424804702533,0.2784139562467106,0.11465586956855597,0.31760053925007675,0.5096810997586176,model_zoo/configs/seadronessee/seadronessee10k_ft_reppoints_r50_v2.py,ac000f70706d699043ec1556b97405dd11114eab9e21305faeabf7af8a98ec63
seadronessee,retinanet_effb3,seadronessee10k_ft_retinanet_effb3,True,evaluated,sds_val,1547,0.36731395346925727,0.6909302777662508,0.34951667156850724,0.1836432851208359,0.3875569588958711,0.6618825132659332,model_zoo/configs/seadronessee/seadronessee10k_ft_retinanet_effb3.py,7f354b5264a75799e6e51acf8a05f9861f2153403fc8d70f72609c8cb2cbdf3e
seadronessee,retinanet_pvtt,seadronessee10k_ft_retinanet_pvtt,True,evaluated,sds_val,1547,0.4284300716967609,0.7887999853514005,0.3906012782375902,0.31451544929192204,0.4534287997547209,0.6621669696158989,model_zoo/configs/seadronessee/seadronessee10k_ft_retinanet_pvtt.py,7ebdcbb42f89d90421e5c47e1af481c944883b51531d4b725ae87b19edc04aa0
seadronessee,retinanet_r50,seadronessee10k_ft_retinanet_r50,True,evaluated,sds_val,1547,0.45066339185611776,0.7990284816929243,0.4442793605058509,0.3305927167236728,0.4738385197951316,0.6599082661307186,model_zoo/configs/seadronessee/seadronessee10k_ft_retinanet_r50.py,1b67f9444e360ac532e259c1c9d040fe82fa7557f5f94f1a8570603f9c845eeb
seadronessee,rtmdet_tiny,seadronessee10k_ft_rtmdet_tiny,True,evaluated,sds_val,1547,0.37887906289881773,0.6385929004851324,0.3873136687862472,0.17842415525505206,0.4136467787005737,0.6515010418969793,model_zoo/configs/seadronessee/seadronessee10k_ft_rtmdet_tiny.py,67bfb30d5569bef1b132793451d50dc1ff5f2eb907f2eb1a5bb9f63b6cdfdd13
seadronessee,sparse_rcnn_r50,seadronessee10k_sparse_rcnn_r50,True,evaluated,sds_val,1547,0.3026103472913611,0.503137094501209,0.3209831674991282,0.2583864227114485,0.35408186938931685,0.4600804928305642,model_zoo/configs/seadronessee/seadronessee10k_sparse_rcnn_r50.py,6d45e2b48abcc19211ea60b487707b6116644d215bc3006bc28b0bffbf81607a
seadronessee,ssd300,seadronessee10k_ft_ssd300,True,evaluated,sds_val,1547,0.25232310516193324,0.5551809825248466,0.19986658295133086,0.113890661249992,0.2777868230549406,0.517523887400593,model_zoo/configs/seadronessee/seadronessee10k_ft_ssd300.py,b09cb92a078bef43a8eaf281d7b2f1ea729db5b9e1e4a4443c184ec83531cc40
seadronessee,tood_r50,seadronessee10k_ft_tood_r50,True,evaluated,sds_val,1547,0.48358974804495725,0.816186170205805,0.48250721747523684,0.397541688725604,0.5224925878776511,0.6608421387214013,model_zoo/configs/seadronessee/seadronessee10k_ft_tood_r50.py,f5a0a9bc425fcf133e4f30d2832db89ccaeea271cafca25a29f77d66e557a622
seadronessee,tridentnet_r50,seadronessee20k_ft_tridentnet_r50,True,evaluated,sds_val,1547,0.37401612265589845,0.6150131923883402,0.39993516531313,0.18737002104467954,0.4344233066467944,0.6437608041115594,model_zoo/configs/seadronessee/seadronessee20k_ft_tridentnet_r50.py,447701c38703aef3523becb5dcee0b841db89585248b252c8077458b3ff7cffe
seadronessee,varifocalnet_r50,seadronessee10k_ft_varifocalnet_r50,True,evaluated,sds_val,1547,0.469636576423017,0.7756401811832228,0.4754327750727993,0.37602177204734016,0.5024416368285806,0.6698554223283707,model_zoo/configs/seadronessee/seadronessee10k_ft_varifocalnet_r50.py,e6905da55dafd83b37cec3b3dcaf6855e1060af622b61f58c360da41bd2ca160
seadronessee,vitdet_b,seadronessee10k_ft_vitdet_b,True,evaluated,sds_val,1547,0.3592790751725465,0.5462021078871734,0.3923781620827219,0.09820992258608728,0.3964840353111076,0.6811280774635785,model_zoo/configs/seadronessee/seadronessee10k_ft_vitdet_b.py,c474a5f1ae5bf8db6ad9179c716f2627e5b8a00b4e16cd6ee15e37649caed6b9
seadronessee,yolof_r50,seadronessee10k_ft_yolof_r50,True,evaluated,sds_val,1547,0.23702330942575084,0.4375234210244128,0.2229159105393777,0.08599725555931144,0.27365178364545545,0.4710136001035296,model_zoo/configs/seadronessee/seadronessee10k_ft_yolof_r50.py,d70ddd4e779152b6068515f85ec71c9fa5f562f31694decc107957c73efe6760
seadronessee,yolov3_320,seadronessee10k_ft_yolov3_d53_320,True,evaluated,sds_val,1547,0.18662986883927615,0.46197929916724934,0.12194944364167541,0.06204726668781425,0.22314300933146505,0.34833584153087876,model_zoo/configs/seadronessee/seadronessee10k_ft_yolov3_d53_320.py,89812b190ee8ca6c3aba0b598ffbdc17ff57243f2d32a028e92d1f21c9b99989
waid,atss_r50,waid_ft_atss_r50,True,evaluated,waid_valid,2873,0.6001293391427847,0.9626174046881365,0.6716216295260609,0.45012194846939785,0.6254461314657581,0.6730058702085078,model_zoo/configs/waid/waid_ft_atss_r50.py,f5b659f20381854beb322a1a86b10fea66d17d3dfafdd441a3f36efad43204b0
waid,cascade_rcnn_r50,waid10k_cascade_rcnn_r50,True,evaluated,waid_valid,2873,0.5923124571441368,0.9509590843263731,0.6642867314314049,0.44338345931791784,0.609799820147034,0.6794267036209569,model_zoo/configs/waid/waid10k_cascade_rcnn_r50.py,99f372768ff5e02bda5f13ec6a3588f1cad2a1d56a26c5ca4df0667d75f1bdce
waid,centernet_r18_dcn,waid10k_ft_centernet_r18_dcn,True,evaluated,waid_valid,2873,0.11079393152267651,0.2835109085659001,0.06598077305876507,0.04407704989228413,0.14748856357117052,0.15408493646538782,model_zoo/configs/waid/waid10k_ft_centernet_r18_dcn.py,88ffe4ade291701f9540eaf6841cd68a305fa2bd4950a2efd9bd4feff8079568
waid,conditional_detr_r50,waid20k_ft_conditional_detr_r50,True,evaluated,waid_valid,2873,0.49401317399185957,0.8937152352922764,0.4904363755738824,0.3038598994792104,0.559992786284451,0.6469975076919884,model_zoo/configs/waid/waid20k_ft_conditional_detr_r50.py,3b284d6691ec0358b57e1508813da7ee1007aa198a64155fbca1d74167b97bbb
waid,ddq_detr4scale_r50,waid10k_ft_ddq_detr4scale_r50,True,evaluated,waid_valid,2873,0.6182450144031008,0.9715877490813236,0.6994354940277131,0.47491503139984387,0.6324392308523173,0.7099851114335975,model_zoo/configs/waid/waid10k_ft_ddq_detr4scale_r50.py,b557a502181efa75dec839e2c13355203f0bf7b30e2b41ca1f361f6493b858a3
waid,deformable_detr_r50,waid10k_ft_deformable_detr_r50,True,evaluated,waid_valid,2873,0.5809754240377222,0.9656922704722728,0.624761463240284,0.4388140309406826,0.5997382207799274,0.6641288815115511,model_zoo/configs/waid/waid10k_ft_deformable_detr_r50.py,d9db04c215832fc1b697b9e5e6a8be58c384029fe8e97664c01757a4736d1851
waid,deformable_detr_refine_r50,waid10k_ft_deformable_detr_refine_r50,True,evaluated,waid_valid,2873,0.5767803808605266,0.9525740515094925,0.6297147507984283,0.42730242116233447,0.6040685842547665,0.6851553230479566,model_zoo/configs/waid/waid10k_ft_deformable_detr_refine_r50.py,44c9eeb005741d0e3741ea020b2cb1086fca77b80ea4eaba6527fb5034326460
waid,detr_r50,waid20k_ft_detr_r50,True,evaluated,waid_valid,2873,0.4546492834851586,0.8500180266284806,0.44044782133032745,0.23853104723428972,0.531495457832762,0.6195013400973927,model_zoo/configs/waid/waid20k_ft_detr_r50.py,7782572b28d5a1e2db3070122d6251b39e7ccc2be8f8bc1f0d188de3d9642c84
waid,diffusiondet_r50,waid10k_ft_diffusiondet_r50_8xb2-50e_coco,True,evaluated,waid_valid,2873,0.5991195550111313,0.960534377264594,0.6689349054312816,0.4577792377653775,0.6248456781951912,0.7010106376545671,model_zoo/configs/waid/waid10k_ft_diffusiondet_r50_8xb2-50e_coco.py,1c0ae8d8ea795c930a03af622bea789c97c03380c42cc3bfff62475a980439d7
waid,dino_swin_l,waid10k_ft_dino_swin_l,True,evaluated,waid_valid,2873,0.5901398803616515,0.962283402890136,0.6569135490623925,0.4599127191824556,0.6059543771038399,0.6777743310509609,model_zoo/configs/waid/waid10k_ft_dino_swin_l.py,9cdc6754848b1473c2498e66528b4992d66e7e441cf64b11f55591b48c426ff9
waid,dynamic_rcnn_r50,waid10k_ft_dynamic_rcnn_r50,True,evaluated,waid_valid,2873,0.4055747444443552,0.7017833432724288,0.4266539161192943,0.2792141982811072,0.4498083774678685,0.36470107185420353,model_zoo/configs/waid/waid10k_ft_dynamic_rcnn_r50.py,b10a94eee764915a0ecc5eb5dce08a18edda6ec876acc2c6974c7dfa2dbe33bc
waid,efficientdet_d3,waid10k_ft_efficientdet_d3,True,evaluated,waid_valid,2873,0.1568185045909327,0.27979717706976953,0.16173128273050155,0.09889954759165938,0.1849504983419337,0.17171462974385934,model_zoo/configs/waid/waid10k_ft_efficientdet_d3.py,1bee4c44444d0f4e60dfaf5193bc4d6543a438fbd764791c7d476af438182085
waid,fcos_r50,waid10k_ft_fcos_r50,True,evaluated,waid_valid,2873,0.5739676855469827,0.9518376484979075,0.6207946625693728,0.42605436075847997,0.5997110701111846,0.67026603863851,model_zoo/configs/waid/waid10k_ft_fcos_r50.py,ed115396495173be60ce5af3c79c0ea8f70a013ef0a5c31a25e4b20da7a3245f
waid,frcnn_r50_fpn,waid10k_ft_faster_rcnn,False,evaluated,waid_valid,2873,0.575347411182425,0.9535854235812431,0.6276935667626208,0.42499937384762415,0.6007995417518692,0.6363949393371313,model_zoo/configs/waid/waid10k_ft_faster_rcnn.py,e04c637c5e65e025f626124088470720e990bbfa10898e93b6b3bfb3c84b5ccc
waid,frcnn_r50_fpn,waid10k_ft_frcnn_r50_fpn,True,evaluated,waid_valid,2873,0.5852397905510253,0.9587356766555551,0.6483406139232027,0.4394130111508414,0.6071898272558925,0.6513910993021803,model_zoo/configs/waid/waid10k_ft_frcnn_r50_fpn.py,279ddddc6337dcf7acb874bcfe7bb31abbb4dd687406d6cb2636f2421c9e207f
waid,freeanchor_r50,waid10k_ft_freeanchor_r50,False,evaluated,waid_valid,2873,0.0,0.0,0.0,0.0,0.0,0.0,model_zoo/configs/waid/waid10k_ft_freeanchor_r50.py,61f60e0eaea98d19cf296a1b6cb7df270cb242e475ca539206ad5f89aba55b95
waid,freeanchor_r50,waid10k_ft_freeanchor_r50_smallobj_fp32,False,evaluated,waid_valid,2873,0.14305446569329588,0.31182222150012806,0.10753418963191892,0.12049334179126761,0.16211303443053696,0.18391450121420969,model_zoo/configs/waid/waid10k_ft_freeanchor_r50_smallobj_fp32.py,05d831cdab40d92cab4f2e726e7709314def4dc36b33b9f3e69759f1f41f941b
waid,freeanchor_r50,waid10k_ft_freeanchor_r50_v2,True,evaluated,waid_valid,2873,0.32178032500263415,0.571349580104648,0.3286767570004611,0.17532753761737901,0.3673837420496795,0.33716526548034953,model_zoo/configs/waid/waid10k_ft_freeanchor_r50_v2.py,64e581489246306936f9eb4265e6e74d05f5cfbc253b4187a1dea2c4f78fedbe
waid,grid_rcnn_r50,waid20k_ft_grid_rcnn_r50,True,evaluated,waid_valid,2873,0.5961793967125242,0.9490349239958733,0.676523967231583,0.4519251453851392,0.6149346442564523,0.6867277272930641,model_zoo/configs/waid/waid20k_ft_grid_rcnn_r50.py,0b9d6c6c099966fa2019c717d27907ae448587f976f91f62a96578311d2b0a9d
waid,mask_rcnn_swin_t,waid10k_ft_mask_rcnn_swin_t,True,evaluated,waid_valid,2873,0.549141743750606,0.9442823084565786,0.5889774521201894,0.40962765027677206,0.5771749388985977,0.6064959889432247,model_zoo/configs/waid/waid10k_ft_mask_rcnn_swin_t.py,fe9addb6f78670b5a183f14c076b191134cd179780b228646a9a6d5c4773529a
waid,nas_fcos_r50,waid20k_ft_nas_fcos_r50,True,evaluated,waid_valid,2873,0.5858383489198596,0.956684693265385,0.6454912277992618,0.4392726983915658,0.6093924926682767,0.6812696989707859,model_zoo/configs/waid/waid20k_ft_nas_fcos_r50.py,1657d4fef52a363fce4d5c53e68974168b415f05966ee86fb01d91bab72f7600
waid,paa_r50,waid20k_ft_paa_r50,True,evaluated,waid_valid,2873,0.5978713743414987,0.9582448803051957,0.6671056553774033,0.4333895167258505,0.6237790936064121,0.6785801756913906,model_zoo/configs/waid/waid20k_ft_paa_r50.py,8cdfec7fbd3990780142d962d57836219d19f7773475e74e12056e469360b21f
waid,reppoints_r50,waid10k_ft_reppoints_r50,False,evaluated,waid_valid,2873,0.014901332776217972,0.04314306590175597,0.0064664004296505016,0.006008505722715909,0.027176395177897095,0.00014869142181184503,model_zoo/configs/waid/waid10k_ft_reppoints_r50.py,69ed6e6128730c6edd07c7c31c142dfd3b12c75ee2ac1f926abcf25e78b444b7
waid,reppoints_r50,waid10k_ft_reppoints_r50_v2,True,evaluated,waid_valid,2873,0.3000398014014244,0.6018616455791538,0.26278324141233167,0.14736206254469522,0.36284911450619517,0.3617917202055164,model_zoo/configs/waid/waid10k_ft_reppoints_r50_v2.py,6debee7339310c5f2de8f62a4f31bf2750dfefa5e81a6561030d065c988aded0
waid,retinanet_effb3,waid10k_ft_retinanet_effb3,True,evaluated,waid_valid,2873,0.5638079839212577,0.9257708003033123,0.6213533255185905,0.36549920956403853,0.6034156714246456,0.6679740187801585,model_zoo/configs/waid/waid10k_ft_retinanet_effb3.py,539433457203ec4ee1dbae8ec62ddabafe3553eeb4a577119341d5bf98fdd130
waid,retinanet_pvtt,waid10k_ft_retinanet_pvtt,True,evaluated,waid_valid,2873,0.5553736293243465,0.9393482942205574,0.5927773780793153,0.39653090585599743,0.5912090437936314,0.6391436468881797,model_zoo/configs/waid/waid10k_ft_retinanet_pvtt.py,8532d82e2a116870e872ccef183cf97769232b6394529e1333d8b0122de3e087
waid,retinanet_r50,waid10k_ft_retinanet_r50,True,evaluated,waid_valid,2873,0.5861334475224762,0.9466495867952054,0.6505418939014126,0.4230303922443575,0.620337702004068,0.6791804374911027,model_zoo/configs/waid/waid10k_ft_retinanet_r50.py,08dbda8812096b2714ffdb6c9c171e335d09a351a5fab1bd67982ae689607f1b
waid,rtmdet_tiny,waid10k_ft_rtmdet_tiny,True,evaluated,waid_valid,2873,0.5833682095834711,0.9375206686650567,0.6447326095123098,0.4032359553760825,0.6111624538453658,0.6792206872357014,model_zoo/configs/waid/waid10k_ft_rtmdet_tiny.py,91a04f503fbcf5ec82ad86cedd406168fab737701cb43eff0a8ed014fe9e678a
waid,sparse_rcnn_r50,waid10k_sparse_rcnn_r50,True,evaluated,waid_valid,2873,0.25705526634218706,0.49766063791160214,0.2442936360633847,0.12268004698010036,0.31042784439735666,0.27636746511049415,model_zoo/configs/waid/waid10k_sparse_rcnn_r50.py,2da9af230ff290c6534301a17384e64f4a42731f70eecd253dd9afc266a3aabe
waid,ssd300,waid10k_ft_ssd300,True,evaluated,waid_valid,2873,0.04915715203207762,0.2306238880445141,0.005175409848775444,0.008768381683124927,0.04366157451023219,0.13985229613058092,model_zoo/configs/waid/waid10k_ft_ssd300.py,f742ec8b65c9707776a1e8108f3a2cef60268c1c91b257beaf10dbcf42f582c9
waid,tood_r50,waid20k_ft_tood_r50,True,evaluated,waid_valid,2873,0.6109788553743788,0.9642458529288095,0.6861797304956879,0.4561987574894358,0.6320234598041342,0.6813008658703505,model_zoo/configs/waid/waid20k_ft_tood_r50.py,9f15078be9b02050e72a7303dab997c7b3a90c1a0c6a02c52f59e799e3d56dba
waid,tridentnet_r50,waid20k_ft_tridentnet_r50,True,evaluated,waid_valid,2873,0.5777582819960735,0.9506644337196972,0.6314825945666163,0.41335926589137,0.6111771695901853,0.6670999288076768,model_zoo/configs/waid/waid20k_ft_tridentnet_r50.py,cc1d07ab1f5ef7b3bf3b9abed50783ad9a6a91051eb0e599caa3e482558197b1
waid,varifocalnet_r50,waid10k_ft_varifocalnet_r50,True,evaluated,waid_valid,2873,0.6023483636140315,0.9587008271542239,0.6694639807060564,0.4417603958479949,0.6267799672394083,0.6755153067547218,model_zoo/configs/waid/waid10k_ft_varifocalnet_r50.py,0a2a5c630e1d5a945124be2d5dcab16e4d202ea321ea4421975a04a40517e67b
waid,vitdet_b,waid10k_ft_vitdet_b,True,training,,,,,,,,,training/configs/waid10k_ft_vitdet_b.py,
waid,yolof_r50,waid10k_ft_yolof_r50,True,evaluated,waid_valid,2873,0.5369426222418828,0.9049430749053585,0.5757407072592656,0.3351523080292578,0.6103905327547124,0.6791088138394137,model_zoo/configs/waid/waid10k_ft_yolof_r50.py,ce46afe826a1697be594c9d6bc73f840d717ce94259ddf0480a9804e52a34ae2
waid,yolov3_320,waid10k_ft_yolov3_d53_320,True,evaluated,waid_valid,2873,0.24680867962659908,0.6103334928112579,0.1440690221183154,0.1078224560800549,0.30114150583803523,0.40263270716953076,model_zoo/configs/waid/waid10k_ft_yolov3_d53_320.py,1fb0fed3670900ed62a1c9c47092516b80095fe41b089fb566b06359d70c4dd3
