model_name,res_w,res_h,bbox_mAP,avg_latency_ms,avg_cpu_energy_J,avg_gpu_energy_J,peak_gpu_mem_MB,peak_cpu_mem_MB,params_M,datastore_bytes,avg_gpu_mem_alloc_MB,avg_gpu_mem_reserved_MB,peak_gpu_mem_reserved_MB,cuda_cache_peak_MB
seadronessee10k_cascade_rcnn_r50,640,360,0.23149519,135.324199,34.99747079,18.07752172,434.5693359,16425,69.213341,11581242766,268.0198145,18092,18092,17657.43066
seadronessee10k_cascade_rcnn_r50,960,540,0.341393562,137.1002875,34.70449832,17.78114295,460.2207031,16425,69.213341,11581242766,268.0199902,18092,18092,17631.7793
seadronessee10k_cascade_rcnn_r50,1280,720,0.404274857,147.8082399,36.11958686,19.3226924,580.2314453,16425,69.213341,11581242766,268.0199902,18092,18092,17511.76855
seadronessee10k_cascade_rcnn_r50,1920,1080,0.452484387,176.5885245,39.70188971,24.17919438,958.956543,16425,69.213341,11581242766,268.0200098,18092,18092,17133.04346
seadronessee10k_cascade_rcnn_r50,2560,1440,0.45634022,206.3579241,43.30530454,34.54212189,1485.520508,16425,69.213341,11581242766,268.0200098,18092,18092,16606.47949
seadronessee10k_cascade_rcnn_r50,3840,2160,0.404589983,304.4610283,55.59966895,66.26034661,3019.614258,16425,69.213341,11581242766,268.0200195,18092,18092,15072.38574
seadronessee10k_ft_atss_r50,640,360,0.23101176,182.178211,29.46962762,20.87914747,177.347168,5497,32.122447,3090032389,125.7829004,260,260,82.65283203
seadronessee10k_ft_atss_r50,960,540,0.357086872,130.9739623,25.30061772,15.51550486,235.730957,5753,32.122447,3090032389,125.7839502,390,390,154.269043
seadronessee10k_ft_atss_r50,1280,720,0.439292459,141.3808647,26.47550072,17.46695074,324.9448242,5877,32.122447,3090032389,125.7851416,624,624,299.0551758
seadronessee10k_ft_atss_r50,1920,1080,0.472389153,171.6503137,31.96985327,23.58564271,565.7041016,6311,32.122447,3090032389,125.7873975,1138,1138,572.2958984
seadronessee10k_ft_atss_r50,2560,1440,0.45066155,203.372345,36.2737452,34.5810404,902.2382813,6877,32.122447,3090032389,125.7885059,1816,1816,913.7617188
seadronessee10k_ft_atss_r50,3840,2160,0.398955421,308.8935956,49.75624918,66.89548125,1879.426758,8013,32.122447,3090032389,125.7901563,3858,3858,1978.573242
seadronessee10k_ft_centernet_r18_dcn,640,360,0.00369247,188.0964095,31.4112598,23.76275872,86.56494141,8013,14.432026,2807098759,56.00241211,3858,3858,3771.435059
seadronessee10k_ft_centernet_r18_dcn,960,540,0.014124508,190.0990014,31.67182197,23.70940995,125.8891602,8013,14.432026,2807098759,56.00241211,3858,3858,3732.11084
seadronessee10k_ft_centernet_r18_dcn,1280,720,0.010506111,196.4447528,32.28313489,24.52933872,178.2695313,8013,14.432026,2807098759,56.00241211,3858,3858,3679.730469
seadronessee10k_ft_centernet_r18_dcn,1920,1080,0.003676183,223.6787149,35.67862741,28.05639282,330.8364258,8013,14.432026,2807098759,56.00241211,3858,3858,3527.163574
seadronessee10k_ft_centernet_r18_dcn,2560,1440,0.0058042,248.5615561,39.26761361,31.80782036,544.7099609,8013,14.432026,2807098759,56.00241211,3858,3858,3313.290039
seadronessee10k_ft_centernet_r18_dcn,3840,2160,0.005639843,364.5726897,51.93034998,50.67339918,1155.34668,8013,14.432026,2807098759,56.00241211,4432,4432,3276.65332
seadronessee10k_ft_ddq_detr4scale_r50,640,360,0.354551237,151.6831436,30.18208105,19.3975692,336.824707,8013,48.320958,7747434536,219.0064697,4482,4482,4145.175293
seadronessee10k_ft_ddq_detr4scale_r50,960,540,0.470677131,164.0484903,32.23443484,21.77192678,406.831543,8013,48.320958,7747434536,250.5280908,4482,4482,4075.168457
seadronessee10k_ft_ddq_detr4scale_r50,1280,720,0.43662229,185.230548,34.85530928,25.85643122,524.0878906,8013,48.320958,7747434536,221.059248,4482,4482,3957.912109
seadronessee10k_ft_ddq_detr4scale_r50,1920,1080,0.399560194,243.5260849,41.68709689,44.4058507,835.1303711,8013,48.320958,7747434536,220.5272559,4482,4482,3646.869629
seadronessee10k_ft_ddq_detr4scale_r50,2560,1440,0.423472065,331.7497441,52.26668875,72.87692595,1347.115723,8013,48.320958,7747434536,219.0109863,5780,5780,4432.884277
seadronessee10k_ft_ddq_detr4scale_r50,3840,2160,0.256075139,623.5183665,80.30170165,153.4498899,4752.35498,8300,48.320958,7747434536,250.6512793,10662,10662,5909.64502
seadronessee10k_ft_deformable_detr_r50,640,360,0.299400086,138.5489945,35.03185154,17.62343705,210.8261719,57143,41.078911,1643700284,157.4535791,17208,17208,16997.17383
seadronessee10k_ft_deformable_detr_r50,960,540,0.3844467,150.1543376,36.6471668,19.32116294,274.9194336,57143,41.078911,1643700284,157.4535791,17208,17208,16933.08057
seadronessee10k_ft_deformable_detr_r50,1280,720,0.509300951,160.9471194,37.99490648,21.28636407,365.0488281,57143,41.078911,1643700284,157.4535791,17208,17208,16842.95117
seadronessee10k_ft_deformable_detr_r50,1920,1080,0.429047115,201.8430285,42.82141339,30.38961822,624.5444336,57143,41.078911,1643700284,157.4535791,17208,17208,16583.45557
seadronessee10k_ft_deformable_detr_r50,2560,1440,0.385828152,252.4752111,49.0720106,48.93524467,987.2685547,57143,41.078911,1643700284,157.4535791,17208,17208,16220.73145
seadronessee10k_ft_deformable_detr_r50,3840,2160,0.2012584,409.6888323,66.31463014,104.8000694,2023.352051,57143,41.078911,1643700284,157.4535791,17208,17208,15184.64795
seadronessee10k_ft_diffusiondet_r50_8xb2-50e_coco,640,360,0.386084869,278.7484708,49.31279736,36.5188063,584.828125,57143,110.610806,4278674039,426.0489502,17146,17146,16561.17188
seadronessee10k_ft_diffusiondet_r50_8xb2-50e_coco,960,540,0.497900749,284.2258387,49.33949501,36.75290128,610.4042969,57143,110.610806,4278674039,426.0490723,17146,17146,16535.5957
seadronessee10k_ft_diffusiondet_r50_8xb2-50e_coco,1280,720,0.536241647,291.2444196,49.97451966,37.66778221,738.8847656,57143,110.610806,4278674039,426.0493262,17146,17146,16407.11523
seadronessee10k_ft_diffusiondet_r50_8xb2-50e_coco,1920,1080,0.539878425,323.1116421,53.7993548,43.43671419,1116.111328,57143,110.610806,4278674039,426.0493604,17146,17146,16029.88867
seadronessee10k_ft_diffusiondet_r50_8xb2-50e_coco,2560,1440,0.522869014,369.5706388,59.00388202,58.6584715,1642.189941,57143,110.610806,4278674039,426.0499951,17146,17146,15503.81006
seadronessee10k_ft_diffusiondet_r50_8xb2-50e_coco,3840,2160,0.449326069,431.3923924,67.28616023,85.59131427,3177.518066,57143,110.610806,4278674039,426.051709,17146,17146,13968.48193
seadronessee10k_ft_dino_swin_l,640,360,0.415492313,184.3588566,39.67445424,26.32644541,1105.263184,9033,218.178419,32059936324,839.1268652,12696,12696,11590.73682
seadronessee10k_ft_dino_swin_l,960,540,0.527296791,243.486718,47.18501042,47.59517997,1438.04248,9033,218.178419,32059936324,839.1268652,12696,12696,11257.95752
seadronessee10k_ft_dino_swin_l,1280,720,0.537565503,330.3341354,57.95490062,78.15028747,1902.047852,9033,218.178419,32059936324,839.1268652,12696,12696,10793.95215
seadronessee10k_ft_dino_swin_l,1920,1080,0.495621258,568.6575777,81.22955,150.8539199,3230.708008,9930,218.178419,32059936324,839.1268652,12696,12696,9465.291992
seadronessee10k_ft_dino_swin_l,2560,1440,0.423776825,928.4937121,114.5037412,307.1764653,5090.1875,11717,218.178419,32059936324,839.1268652,12696,12696,7605.8125
seadronessee10k_ft_dino_swin_l,3840,2160,0.180164129,1929.407215,206.8399412,757.984985,10402.87061,16425,218.178419,32059936324,839.1268652,18092,18092,7689.129395
seadronessee10k_ft_dynamic_rcnn_r50,640,360,0.207440139,128.7338485,33.85423886,16.4886772,279.5141602,16425,41.368681,3981644143,160.7992285,18092,18092,17812.48584
seadronessee10k_ft_dynamic_rcnn_r50,960,540,0.294027013,134.20932,34.74677902,17.14016746,340.0893555,16425,41.368681,3981644143,160.7992773,18092,18092,17751.91064
seadronessee10k_ft_dynamic_rcnn_r50,1280,720,0.346925361,145.1797646,35.89049297,18.71042038,474.9785156,16425,41.368681,3981644143,160.7993066,18092,18092,17617.02148
seadronessee10k_ft_dynamic_rcnn_r50,1920,1080,0.35243187,171.4057425,39.09367684,23.21452586,851.7363281,16425,41.368681,3981644143,160.7993848,18092,18092,17240.26367
seadronessee10k_ft_dynamic_rcnn_r50,2560,1440,0.330991584,206.8249804,43.42521815,33.52681899,1378.300293,16425,41.368681,3981644143,160.7994141,18092,18092,16713.69971
seadronessee10k_ft_dynamic_rcnn_r50,3840,2160,0.244495827,301.0990707,55.13415828,64.87356637,2912.394043,16425,41.368681,3981644143,160.7996631,18092,18092,15179.60596
seadronessee10k_ft_efficientdet_d3,640,360,0.196099752,159.1087737,37.42052958,20.61404767,404.5751953,57143,11.909131,608934167,46.26123535,17134,17134,16729.4248
seadronessee10k_ft_efficientdet_d3,960,540,0.284431328,164.01984,38.88699268,21.79231812,762.8852539,57143,11.909131,608934167,46.26066895,17134,17134,16371.11475
seadronessee10k_ft_efficientdet_d3,1280,720,0.340175552,168.8768235,38.9367095,22.4916569,762.8867188,57143,11.909131,608934167,46.2607666,17134,17134,16371.11328
seadronessee10k_ft_efficientdet_d3,1920,1080,0.32546577,248.7167733,48.58916763,46.38694081,2196.137207,57143,11.909131,608934167,46.26133301,17134,17134,14937.86279
seadronessee10k_ft_efficientdet_d3,2560,1440,0.30407889,255.8013131,49.95772071,49.36512579,2196.138184,57143,11.909131,608934167,46.26151855,17134,17134,14937.86182
seadronessee10k_ft_efficientdet_d3,3840,2160,0.207804223,450.7317109,70.27021837,114.9152371,5420.95166,57143,11.909131,608934167,46.2621875,17134,17134,11713.04834
seadronessee10k_ft_faster_rcnn,640,360,0.226099521,129.8687534,33.78383582,16.61143547,279.2695313,16425,41.368681,2657172751,160.799209,18092,18092,17812.73047
seadronessee10k_ft_faster_rcnn,960,540,0.328247082,131.0764815,34.09321201,16.75454777,340.0893555,16425,41.368681,2657172751,160.7993066,18092,18092,17751.91064
seadronessee10k_ft_faster_rcnn,1280,720,0.39064681,143.5705319,35.78609269,18.51448075,474.2592773,16425,41.368681,2657172751,160.7993066,18092,18092,17617.74072
seadronessee10k_ft_faster_rcnn,1920,1080,0.433528689,171.6843313,39.17821058,23.19383461,851.7358398,16425,41.368681,2657172751,160.7993066,18092,18092,17240.26416
seadronessee10k_ft_faster_rcnn,2560,1440,0.456102555,202.1947844,42.91840922,33.2702769,1378.300293,16425,41.368681,2657172751,160.7993164,18092,18092,16713.69971
seadronessee10k_ft_faster_rcnn,3840,2160,0.439758847,300.8059557,54.69572103,64.14380474,2912.394531,16425,41.368681,2657172751,160.7993457,18092,18092,15179.60547
seadronessee10k_ft_fcos_r50,640,360,0.220674767,130.6594566,33.75789751,16.53387345,177.3457031,16425,32.122447,3093835234,125.7823633,18092,18092,17914.6543
seadronessee10k_ft_fcos_r50,960,540,0.355940507,131.8903348,33.85172569,16.66733627,235.7299805,16425,32.122447,3093835234,125.7830615,18092,18092,17856.27002
seadronessee10k_ft_fcos_r50,1280,720,0.437700873,142.1121178,35.61101732,18.16006645,324.940918,16425,32.122447,3093835234,125.7834912,18092,18092,17767.05908
seadronessee10k_ft_fcos_r50,1920,1080,0.466054093,171.4551784,38.84679824,22.93318617,565.6938477,16425,32.122447,3093835234,125.7844287,18092,18092,17526.30615
seadronessee10k_ft_fcos_r50,2560,1440,0.479821325,201.0423524,43.04067886,32.64333102,902.2250977,16425,32.122447,3093835234,125.7850488,18092,18092,17189.7749
seadronessee10k_ft_fcos_r50,3840,2160,0.4125571,303.2071959,56.01396595,64.4679876,1879.42041,16425,32.122447,3093835234,125.7868994,18092,18092,16212.57959
seadronessee10k_ft_frcnn_r50_fpn,640,360,0.223456028,128.0073488,33.87827178,16.41473467,279.4213867,16425,41.368681,3980524106,160.7991895,18092,18092,17812.57861
seadronessee10k_ft_frcnn_r50_fpn,960,540,0.327404717,132.8434218,34.24033727,16.97245124,340.0893555,16425,41.368681,3980524106,160.7993066,18092,18092,17751.91064
seadronessee10k_ft_frcnn_r50_fpn,1280,720,0.388546677,144.2206401,35.87110909,18.51884246,474.2592773,16425,41.368681,3980524106,160.7992871,18092,18092,17617.74072
seadronessee10k_ft_frcnn_r50_fpn,1920,1080,0.436001144,168.9316885,38.79446361,22.8686253,851.7358398,16425,41.368681,3980524106,160.7993066,18092,18092,17240.26416
seadronessee10k_ft_frcnn_r50_fpn,2560,1440,0.448271902,201.9151581,43.45781656,33.05381539,1378.299805,16425,41.368681,3980524106,160.7993066,18092,18092,16713.7002
seadronessee10k_ft_frcnn_r50_fpn,3840,2160,0.439239596,298.6339275,55.33215991,63.7891461,2912.394043,16425,41.368681,3980524106,160.7993359,18092,18092,15179.60596
seadronessee10k_ft_mask_rcnn_swin_t,640,360,0.223347361,131.257119,34.30041886,16.85483301,290.4946289,16425,44.766947,6581033329,171.5694629,18092,18092,17801.50537
seadronessee10k_ft_mask_rcnn_swin_t,960,540,0.307679868,140.2029011,35.14095763,18.04112074,352.5664063,16425,44.766947,6581033329,171.5696387,18092,18092,17739.43359
seadronessee10k_ft_mask_rcnn_swin_t,1280,720,0.348467006,154.1606131,36.90952072,20.35839767,493.6166992,16425,44.766947,6581033329,171.5697754,18092,18092,17598.3833
seadronessee10k_ft_mask_rcnn_swin_t,1920,1080,0.37109691,199.6051974,42.66849824,29.24312748,873.1328125,16425,44.766947,6581033329,171.5698242,18092,18092,17218.86719
seadronessee10k_ft_mask_rcnn_swin_t,2560,1440,0.364149252,251.1950208,48.77478792,48.40008285,1416.57959,16425,44.766947,6581033329,171.5698438,18092,18092,16675.42041
seadronessee10k_ft_mask_rcnn_swin_t,3840,2160,0.280236903,410.8346731,66.41758636,105.3626825,2977.727051,16425,44.766947,6581033329,171.5699316,18092,18092,15114.27295
seadronessee10k_ft_retinanet_effb3,640,360,0.23112073,184.0080419,38.63372684,22.66351068,180.5385742,57143,18.421881,2709833401,70.85091309,17116,17116,16935.46143
seadronessee10k_ft_retinanet_effb3,960,540,0.400692746,137.0611655,35.06463323,17.03252606,303.9389648,57143,18.421881,2709833401,70.85109863,17116,17116,16812.06104
seadronessee10k_ft_retinanet_effb3,1280,720,0.427843709,146.1485726,36.10724051,18.49967292,491.9492188,57143,18.421881,2709833401,70.85068359,17116,17116,16624.05078
seadronessee10k_ft_retinanet_effb3,1920,1080,0.416846625,180.172339,39.99501613,24.2878819,1003.194824,57143,18.421881,2709833401,70.85010742,17116,17116,16112.80518
seadronessee10k_ft_retinanet_effb3,2560,1440,0.387088837,216.9701313,44.72547812,37.36986166,1716.166016,57143,18.421881,2709833401,70.85082031,17116,17116,15399.83398
seadronessee10k_ft_retinanet_effb3,3840,2160,0.336856009,338.4212178,59.57094707,78.21915393,3800.23584,57143,18.421881,2709833401,70.8530127,17116,17116,13315.76416
seadronessee10k_ft_retinanet_pvtt,640,360,0.180157987,128.2503076,33.76034285,16.3446005,161.0336914,16425,21.408337,2077229482,83.21986816,18092,18092,17930.96631
seadronessee10k_ft_retinanet_pvtt,960,540,0.350867711,137.4500392,35.08876644,17.6033291,312.949707,16425,21.408337,2077229482,83.22080566,18092,18092,17779.05029
seadronessee10k_ft_retinanet_pvtt,1280,720,0.461961608,150.4033234,36.37632601,19.68266382,772.1064453,16425,21.408337,2077229482,83.22081055,18092,18092,17319.89355
seadronessee10k_ft_retinanet_pvtt,1920,1080,0.462700353,208.8439261,43.54545878,34.95927357,3284.433105,16425,21.408337,2077229482,83.2202002,18092,18092,14807.56689
seadronessee10k_ft_retinanet_pvtt,2560,1440,0.443211709,320.4051496,57.89558775,73.80512699,9845.251465,18486,21.408337,2077229482,83.22054199,21258,21258,11412.74854
seadronessee10k_ft_retinanet_r50,640,360,0.218975023,127.1549793,33.67361199,16.12542488,205.1796875,16425,36.412817,3500090963,142.1501221,18092,18092,17886.82031
seadronessee10k_ft_retinanet_r50,960,540,0.353631071,133.2588998,34.23494624,16.86409058,255.5239258,16425,36.412817,3500090963,142.1491064,18092,18092,17836.47607
seadronessee10k_ft_retinanet_r50,1280,720,0.468598895,141.2075257,35.54368234,18.05046131,341.3120117,16425,36.412817,3500090963,142.148501,18092,18092,17750.68799
seadronessee10k_ft_retinanet_r50,1920,1080,0.490513796,168.7863385,38.6552718,22.75328565,582.0595703,16425,36.412817,3500090963,142.1476367,18092,18092,17509.94043
seadronessee10k_ft_retinanet_r50,2560,1440,0.463880959,201.6042753,43.25663702,32.72757523,918.5991211,16425,36.412817,3500090963,142.1472266,18092,18092,17173.40088
seadronessee10k_ft_retinanet_r50,3840,2160,0.405701092,302.558619,55.67177385,64.60913559,1895.774414,16425,36.412817,3500090963,142.1471045,18092,18092,16196.22559
seadronessee10k_ft_rtmdet_tiny,640,360,0.388437499,128.23764,33.6280664,16.36425943,57.33984375,57143,4.874343,271422170,19.11848633,17208,17208,17150.66016
seadronessee10k_ft_tood_r50,640,360,0.248050924,137.0560073,35.06565549,16.94333816,191.4853516,57143,32.027619,3082205314,125.1731201,17208,17208,17016.51465
seadronessee10k_ft_tood_r50,960,540,0.394209963,142.6621519,35.98301214,17.68758912,266.0708008,57143,32.027619,3082205314,125.1731006,17208,17208,16941.9292
seadronessee10k_ft_tood_r50,1280,720,0.499655098,150.6250426,36.57414785,18.94708298,372.4746094,57143,32.027619,3082205314,125.1735938,17208,17208,16835.52539
seadronessee10k_ft_tood_r50,1920,1080,0.50030048,176.9968164,39.8185088,23.65232969,673.0888672,57143,32.027619,3082205314,125.1739844,17208,17208,16534.91113
seadronessee10k_ft_tood_r50,2560,1440,0.47122614,211.1659924,44.67754593,35.0984251,1091.256836,57143,32.027619,3082205314,125.1741211,17208,17208,16116.74316
seadronessee10k_ft_tood_r50,3840,2160,0.400782911,320.4128801,57.91555808,69.6387161,2307.138184,57143,32.027619,3082205314,125.1750244,17208,17208,14900.86182
seadronessee10k_ft_varifocalnet_r50,640,360,0.246043398,132.2969045,34.48231932,16.85187111,188.9223633,57143,32.718679,3152161256,127.8090137,17118,17118,16929.07764
seadronessee10k_ft_varifocalnet_r50,960,540,0.39361617,135.532017,34.63354126,17.19040051,256.8188477,57143,32.718679,3152161256,127.8093848,17118,17118,16861.18115
seadronessee10k_ft_varifocalnet_r50,1280,720,0.495718221,147.45724,36.19533422,18.85606395,361.1425781,57143,32.718679,3152161256,127.8097852,17118,17118,16756.85742
seadronessee10k_ft_varifocalnet_r50,1920,1080,0.511256384,177.8686638,40.10349821,24.16834018,643.7993164,57143,32.718679,3152161256,127.8118164,17118,17118,16474.20068
seadronessee10k_ft_varifocalnet_r50,2560,1440,0.479339998,215.8227479,44.25863019,36.72149411,1038.955078,57143,32.718679,3152161256,127.81396,17118,17118,16079.04492
seadronessee10k_ft_varifocalnet_r50,3840,2160,0.416190374,327.8209803,58.3911717,73.44338403,2192.226074,57143,32.718679,3152161256,127.8175732,17118,17118,14925.77393
seadronessee10k_ft_yolof_r50,640,360,0.041686623,122.6906497,33.17668279,15.51550892,214.6713867,57143,42.431602,8178102266,162.1699951,17134,17134,16919.32861
seadronessee10k_ft_yolof_r50,960,540,0.106041309,125.0666938,33.59120495,15.73179659,271.7431641,57143,42.431602,8178102266,162.1711377,17134,17134,16862.25684
seadronessee10k_ft_yolof_r50,1280,720,0.141489914,131.4201946,34.1593233,16.56769953,360.0332031,57143,42.431602,8178102266,162.1716943,17134,17134,16773.9668
seadronessee10k_ft_yolof_r50,1920,1080,0.138985184,149.1719571,36.35664668,19.30859701,600.9604492,57143,42.431602,8178102266,162.1733887,17134,17134,16533.03955
seadronessee10k_ft_yolof_r50,2560,1440,0.129315097,171.5174758,38.93282602,23.37261156,937.3710938,57143,42.431602,8178102266,162.1750781,17134,17134,16196.62891
seadronessee10k_ft_yolof_r50,3840,2160,0.091703086,239.4367255,47.52332103,43.27685631,1915.811035,57143,42.431602,8178102266,162.1790723,17134,17134,15218.18896
seadronessee10k_ft_yolov3_d53_320,640,360,0.098248276,122.4545143,33.31799429,15.19952808,321.9628906,57143,61.545274,1979250359,236.6503613,17134,17134,16812.03711
seadronessee10k_ft_yolov3_d53_320,960,540,0.107617935,126.1123705,33.47759055,15.6581401,418.4453125,57143,61.545274,1979250359,236.6511377,17134,17134,16715.55469
seadronessee10k_ft_yolov3_d53_320,1280,720,0.086618091,136.1771411,34.90195951,17.17317091,563.7006836,57143,61.545274,1979250359,236.6530518,17134,17134,16570.29932
seadronessee10k_ft_yolov3_d53_320,1920,1080,0.061253721,162.2447399,38.21464522,21.29997199,961.8398438,57143,61.545274,1979250359,236.6562988,17134,17134,16172.16016
seadronessee10k_ft_yolov3_d53_320,2560,1440,0.033557878,193.1539582,41.60093171,27.23177871,1517.370605,57143,61.545274,1979250359,236.6600781,17134,17134,15616.62939
seadronessee10k_ft_yolov3_d53_320,3840,2160,0.014587211,283.8499865,53.3658054,58.11160307,3137.312988,57143,61.545274,1979250359,236.6686572,17134,17134,13996.68701
seadronessee10k_sparse_rcnn_r50,640,360,0.126507113,136.6382163,34.86053006,17.69078542,491.3920898,16425,106.17678,15646557907,408.0346338,18092,18092,17600.60791
seadronessee10k_sparse_rcnn_r50,960,540,0.234030037,137.7155629,35.01561393,17.65294843,587.144043,16425,106.17678,15646557907,408.0346338,18092,18092,17504.85596
seadronessee10k_sparse_rcnn_r50,1280,720,0.299265959,147.3531718,35.85329358,18.96905594,721.5874023,16425,106.17678,15646557907,408.0346338,18092,18092,17370.4126
seadronessee10k_sparse_rcnn_r50,1920,1080,0.297989166,171.0541521,39.02370494,22.88048475,1099.188965,16425,106.17678,15646557907,408.0346338,18092,18092,16992.81104
seadronessee10k_sparse_rcnn_r50,2560,1440,0.240582093,198.9895968,42.98205885,28.77960163,1625.407715,16425,106.17678,15646557907,408.0346338,18092,18092,16466.59229
seadronessee10k_sparse_rcnn_r50,3840,2160,0.134156503,281.861591,53.12388847,57.42747921,3159.501465,16425,106.17678,15646557907,408.0346338,18092,18092,14932.49854
seadronessee20k_ft_conditional_detr_r50,640,360,0.200009379,130.6509224,27.51264183,16.7906852,217.8276367,8363,43.449419,6399285126,169.4911768,12696,12696,12478.17236
seadronessee20k_ft_conditional_detr_r50,960,540,0.292140093,130.0464218,27.75570686,16.68033312,279.3305664,8363,43.449419,6399285126,169.4911768,12696,12696,12416.66943
seadronessee20k_ft_conditional_detr_r50,1280,720,0.312748811,137.9656853,28.89634611,17.97937737,363.6635742,8363,43.449419,6399285126,169.4911768,12696,12696,12332.33643
seadronessee20k_ft_conditional_detr_r50,1920,1080,0.216893348,162.9239188,31.87920793,22.62671356,604.9057617,8363,43.449419,6399285126,169.4911768,12696,12696,12091.09424
seadronessee20k_ft_conditional_detr_r50,2560,1440,0.150832463,199.65998,36.66274499,34.0517707,1034.690918,8363,43.449419,6399285126,169.4911768,12696,12696,11661.30908
seadronessee20k_ft_conditional_detr_r50,3840,2160,0.118457949,363.1915521,55.54937495,90.01303105,4400.190918,8363,43.449419,6399285126,169.4911768,12696,12696,8295.809082
seadronessee20k_ft_detr_r50,640,360,0.087653563,124.6942992,26.13826514,16.18512725,211.262207,8300,41.555786,6125350684,162.9257471,10662,10662,10450.73779
seadronessee20k_ft_detr_r50,960,540,0.235918569,131.6614469,26.91956895,16.88186374,272.1064453,8300,41.555786,6125350684,162.2670557,10662,10662,10389.89355
seadronessee20k_ft_detr_r50,1280,720,0.246702856,133.243263,27.76956135,17.25717691,356.4394531,8300,41.555786,6125350684,162.2670557,10662,10662,10305.56055
seadronessee20k_ft_detr_r50,1920,1080,0.185742138,155.5617754,31.02376755,21.36166882,597.6816406,8300,41.555786,6125350684,162.2670557,10662,10662,10064.31836
seadronessee20k_ft_detr_r50,2560,1440,0.118366818,192.9736352,35.77675928,29.59943646,1027.466797,8300,41.555786,6125350684,162.2670557,10662,10662,9634.533203
seadronessee20k_ft_detr_r50,3840,2160,0.037839312,353.4412606,54.57495489,85.81503785,4392.966797,8363,41.555786,6125350684,162.2670557,12696,12696,8303.033203
seadronessee20k_ft_grid_rcnn_r50,640,360,0.227167538,135.9916189,34.99680626,17.62794529,367.2021484,16425,64.471326,6217485268,248.9715479,18092,18092,17724.79785
seadronessee20k_ft_grid_rcnn_r50,960,540,0.342162349,141.5369055,35.52607944,18.13832456,428.2612305,16425,64.471326,6217485268,248.9716748,18092,18092,17663.73877
seadronessee20k_ft_grid_rcnn_r50,1280,720,0.402274031,150.8204989,36.49387798,19.52780445,562.4316406,16425,64.471326,6217485268,248.9716748,18092,18092,17529.56836
seadronessee20k_ft_grid_rcnn_r50,1920,1080,0.468930866,176.2828516,39.86643522,24.13248234,941.1743164,16425,64.471326,6217485268,248.9717578,18092,18092,17150.82568
seadronessee20k_ft_grid_rcnn_r50,2560,1440,0.44913477,210.4301431,44.09865466,35.1816683,1466.472656,16425,64.471326,6217485268,248.9718506,18092,18092,16625.52734
seadronessee20k_ft_grid_rcnn_r50,3840,2160,0.424677921,309.8409547,56.5189821,67.30141873,3001.58252,16425,64.471326,6217485268,248.9719824,18092,18092,15090.41748
seadronessee20k_ft_nas_fcos_r50,640,360,0.229654156,138.7059445,35.03665442,17.74282332,232.9248047,57143,38.394799,3709015924,149.5316797,17134,17134,16901.0752
seadronessee20k_ft_nas_fcos_r50,960,540,0.374612046,138.6247489,35.34266458,17.77610513,327.5551758,57143,38.394799,3709015924,149.5322314,17134,17134,16806.44482
seadronessee20k_ft_nas_fcos_r50,1280,720,0.437278025,151.4902732,36.86101614,19.72137578,469.8369141,57143,38.394799,3709015924,149.5333594,17134,17134,16664.16309
seadronessee20k_ft_nas_fcos_r50,1920,1080,0.481284824,191.4040571,41.840686,26.99698954,859.4038086,57143,38.394799,3709015924,149.5354443,17134,17134,16274.59619
seadronessee20k_ft_nas_fcos_r50,2560,1440,0.449911225,241.0935532,48.14645926,44.39140092,1401.45166,57143,38.394799,3709015924,149.5370215,17134,17134,15732.54834
seadronessee20k_ft_nas_fcos_r50,3840,2160,0.399794564,383.4371827,64.26664782,94.62425332,2985.93457,57143,38.394799,3709015924,149.5403271,17134,17134,14148.06543
seadronessee20k_ft_paa_r50,640,360,0.236552093,154.8124755,37.44594909,19.76540698,177.0932617,57143,32.122447,3092957604,125.5336621,17118,17118,16940.90674
seadronessee20k_ft_paa_r50,960,540,0.435549996,158.0811159,37.14898146,20.16416542,235.1010742,57143,32.122447,3092957604,125.5336621,17118,17118,16882.89893
seadronessee20k_ft_paa_r50,1280,720,0.523220612,171.2408499,39.13481376,22.18214151,323.1870117,57143,32.122447,3092957604,125.5336621,17118,17118,16794.81299
seadronessee20k_ft_paa_r50,1920,1080,0.520103319,199.788004,42.5637264,27.38807638,564.8120117,57143,32.122447,3092957604,125.5336621,17118,17118,16553.18799
seadronessee20k_ft_paa_r50,2560,1440,0.488217375,230.9591358,46.58649982,39.80075379,899.9682617,57143,32.122447,3092957604,125.5336621,17118,17118,16218.03174
seadronessee20k_ft_paa_r50,3840,2160,0.431113729,333.7575556,59.22495094,73.12112208,1879.155762,57143,32.122447,3092957604,125.5336621,17118,17118,15238.84424
seadronessee20k_ft_tridentnet_r50,640,360,0.200038608,196.7551297,42.11864576,32.71691664,2821.012695,16425,33.076389,3198922822,126.4162988,18092,18092,15270.9873
seadronessee20k_ft_tridentnet_r50,960,540,0.310232631,200.8855718,42.838715,34.24823711,2828.235352,16425,33.076389,3198922822,126.4164941,18092,18092,15263.76465
seadronessee20k_ft_tridentnet_r50,1280,720,0.375890692,208.8442216,43.6756903,36.21004102,2839.456055,16425,33.076389,3198922822,126.4164746,18092,18092,15252.54395
seadronessee20k_ft_tridentnet_r50,1920,1080,0.43113326,223.2022545,45.64674363,40.63053858,2870.090332,16425,33.076389,3198922822,126.4164941,18092,18092,15221.90967
seadronessee20k_ft_tridentnet_r50,2560,1440,0.436706615,245.1696405,48.0689521,46.92106741,2912.751953,16425,33.076389,3198922822,126.4165137,18092,18092,15179.24805
seadronessee20k_ft_tridentnet_r50,3840,2160,0.432322693,307.6284579,55.92546093,67.83794152,3037.440918,16425,33.076389,3198922822,126.4166211,18092,18092,15054.55908
